Name,Flow,Amount
ACETIC_ACID,ACETIC_ACID,1.0
ACETONE,ACETONE,1.0
AFC,ELECTRICITY_LV,2.915
AFC,H2_HP,-4.255
AFC,HEAT_LOW_T_DECEN,1.0
ALKALINE_ELECTROLYSIS,ELECTRICITY_HV,-1.654683543622457
ALKALINE_ELECTROLYSIS,H2_MP,1.0
ALKALINE_ELECTROLYSIS,HEAT_LOW_T_DECEN,0.26
AL_MAKING,ALUMINUM,1.0
AL_MAKING,ELECTRICITY_HV,-0.125
AL_MAKING,HEAT_HIGH_T,-1.056
AL_MAKING_HR,ALUMINUM,1.0
AL_MAKING_HR,ELECTRICITY_HV,-0.125
AL_MAKING_HR,HEAT_HIGH_T,-1.003
AN_DIG,CO2_A,1.06
AN_DIG,SNG_MP,1.0
AN_DIG,WET_BIOMASS,-3.346
AN_DIG_SI,CO2_A,2.903
AN_DIG_SI,ELECTRICITY_MV,1.0
AN_DIG_SI,HEAT_LOW_T_DHN,1.12
AN_DIG_SI,WET_BIOMASS,-7.722
ATR,CO2_A,0.411
ATR,H2_HP,1.0
ATR,NG_HP,-1.542
ATR_CCS,CO2_C,0.38
ATR_CCS,CO2_E,0.042
ATR_CCS,H2_HP,1.0
ATR_CCS,NG_HP,-1.583
BENZENE,BENZENE,1.0
BIOETHANOL_TO_BIOJETFUELS,BIO_ETHANOL,-1.754
BIOETHANOL_TO_BIOJETFUELS,BIO_JETFUEL,1.0
BIOETHANOL_TO_BIOJETFUELS,CO2_A,0.192
BIOGAS_ATR,CO2_A,0.695
BIOGAS_ATR,H2_HP,1.0
BIOGAS_ATR,WOOD,-2.783
BIOGAS_ATR_CCS,CO2_C,0.72
BIOGAS_ATR_CCS,CO2_E,0.08
BIOGAS_ATR_CCS,H2_HP,1.0
BIOGAS_ATR_CCS,WOOD,-3.199
BIOGAS_BIOMETHANE,CO2_C,-0.198
BIOGAS_BIOMETHANE,ELECTRICITY_MV,-0.024
BIOGAS_BIOMETHANE,H2_MP,-1.191
BIOGAS_BIOMETHANE,HEAT_HIGH_T,0.189
BIOGAS_BIOMETHANE,SNG_MP,1.0
BIOGAS_SMR,CO2_A,0.428
BIOGAS_SMR,H2_HP,1.0
BIOGAS_SMR,WOOD,-1.711
BIOGAS_SMR_CCS,CO2_C,0.443
BIOGAS_SMR_CCS,CO2_E,0.049
BIOGAS_SMR_CCS,H2_HP,1.0
BIOGAS_SMR_CCS,WOOD,-1.967
BIOMASS_AGRICULTURE_DEJECTION,CO2_E,-0.388235
BIOMASS_AGRICULTURE_DEJECTION,WET_BIOMASS,1.0
BIOMASS_AGRICULTURE_RESIDUAL,CO2_E,-0.388235
BIOMASS_AGRICULTURE_RESIDUAL,WOOD,1.0
BIOMASS_FORESTRY_LEFTOVER1,CO2_E,-0.388235
BIOMASS_FORESTRY_LEFTOVER1,WOOD,1.0
BIOMASS_FORESTRY_LEFTOVER2,CO2_E,-0.388235
BIOMASS_FORESTRY_LEFTOVER2,WOOD,1.0
BIOMASS_FORESTRY_RESIDUAL,CO2_E,-0.388235
BIOMASS_FORESTRY_RESIDUAL,WOOD,1.0
BIOMASS_FORESTRY_UNEXPLOITED,CO2_E,-0.388235
BIOMASS_FORESTRY_UNEXPLOITED,WOOD,1.0
BIOMASS_GAS_EF_H2,CO2_A,0.589
BIOMASS_GAS_EF_H2,ELECTRICITY_LV,0.034
BIOMASS_GAS_EF_H2,H2_MP,1.0
BIOMASS_GAS_EF_H2,WOOD,-2.107
BIOMASS_GAS_EF_H2_CCS,CO2_C,0.763
BIOMASS_GAS_EF_H2_CCS,CO2_E,0.085
BIOMASS_GAS_EF_H2_CCS,ELECTRICITY_LV,0.034
BIOMASS_GAS_EF_H2_CCS,H2_MP,1.0
BIOMASS_GAS_EF_H2_CCS,WOOD,-2.422
BIOMASS_GAS_FB_H2,CO2_A,0.745
BIOMASS_GAS_FB_H2,ELECTRICITY_LV,0.064
BIOMASS_GAS_FB_H2,H2_MP,1.0
BIOMASS_GAS_FB_H2,WOOD,-2.662
BIOMASS_GAS_FB_H2_CCS,CO2_C,0.964
BIOMASS_GAS_FB_H2_CCS,CO2_E,0.107
BIOMASS_GAS_FB_H2_CCS,ELECTRICITY_LV,0.064
BIOMASS_GAS_FB_H2_CCS,H2_MP,1.0
BIOMASS_GAS_FB_H2_CCS,WOOD,-3.06
BIOMASS_WASTE_BUILDING,CO2_E,-0.388235
BIOMASS_WASTE_BUILDING,WOOD,1.0
BIOMASS_WASTE_MUNICIPAL,CO2_E,-0.388235
BIOMASS_WASTE_MUNICIPAL,WET_BIOMASS,1.0
BIOMASS_WASTE_ORGANIC,CO2_E,-0.388235
BIOMASS_WASTE_ORGANIC,WASTE,1.0
BIOMASS_WASTE_PAPER,CO2_E,-0.388235
BIOMASS_WASTE_PAPER,WASTE,1.0
BIOMASS_WASTE_PAPER_FABRIC,CO2_E,-0.388235
BIOMASS_WASTE_PAPER_FABRIC,WET_BIOMASS,1.0
BIOMETHANE_TO_BIOMETHANOL,BIO_METHANOL,1.0
BIOMETHANE_TO_BIOMETHANOL,CO2_A,0.25
BIOMETHANE_TO_BIOMETHANOL,SNG_MP,-1.3999999890127999
BIOMETHANOL_CARBONYLATION,ACETIC_ACID,1.0
BIOMETHANOL_CARBONYLATION,BIO_METHANOL,-2.066
BIOMETHANOL_CARBONYLATION,CO2_A,0.15
BIOMETHANOL_FT,BIO_METHANOL,1.0
BIOMETHANOL_FT,CO2_C,-0.25
BIOMETHANOL_FT,ELECTRICITY_MV,-0.03
BIOMETHANOL_FT,SNG_MP,-1.08
BIOMETHANOL_TO_AROMATICS,BENZENE,1.0
BIOMETHANOL_TO_AROMATICS,BIO_METHANOL,-74.074
BIOMETHANOL_TO_AROMATICS,CO2_A,13.186
BIOMETHANOL_TO_AROMATICS,ETHYLENE,5.33
BIOMETHANOL_TO_AROMATICS,TOLUENE,6.296
BIOMETHANOL_TO_AROMATICS,XYLENE,10.37
BIOMETHANOL_TO_OLEFINS,BIO_METHANOL,-2.891
BIOMETHANOL_TO_OLEFINS,CO2_A,25843.33
BIOMETHANOL_TO_OLEFINS,ETHYLENE,1.0
BIOMETHANOL_TO_OLEFINS,PROPYLENE,1.643
BIO_DIESEL,BIO_DIESEL,1.0
BIO_ETHANOL,BIO_ETHANOL,1.0
BIO_ETHANOL,CO2_E,-0.2579384463
BULK_CARRIER_BIOMEOH_ELD,BIO_METHANOL,-0.0606
BULK_CARRIER_BIOMEOH_ELD,CO2_E,0.040535999999999996
BULK_CARRIER_BIOMEOH_ELD,MOB_FREIGHT_ELD,1.0
BULK_CARRIER_BIO_ELD,BIO_HFO,-0.0606
BULK_CARRIER_BIO_ELD,CO2_E,0.04504
BULK_CARRIER_BIO_ELD,MOB_FREIGHT_ELD,1.0
BULK_CARRIER_ELD,CO2_E,0.04504
BULK_CARRIER_ELD,HFO,-0.0606
BULK_CARRIER_ELD,MOB_FREIGHT_ELD,1.0
BULK_CARRIER_MEOH_ELD,CO2_E,0.040535999999999996
BULK_CARRIER_MEOH_ELD,METHANOL,-0.0606
BULK_CARRIER_MEOH_ELD,MOB_FREIGHT_ELD,1.0
BUS_BIODIESEL_B100_SD,BIO_DIESEL,-0.3273228571236837
BUS_BIODIESEL_B100_SD,CO2_E,0.09375999999450786
BUS_BIODIESEL_B100_SD,MOB_PUBLIC_SD,1.0
BUS_BIODIESEL_B20_SD,BIO_DIESEL,-0.06529714285331797
BUS_BIODIESEL_B20_SD,CO2_E,0.09292285713741404
BUS_BIODIESEL_B20_SD,DIESEL,-0.2620257142703657
BUS_BIODIESEL_B20_SD,MOB_PUBLIC_SD,1.0
BUS_CNG_SD,CO2_E,0.07667857164360017
BUS_CNG_SD,MOB_PUBLIC_SD,1.0
BUS_CNG_SD,NG_HP,-0.36967142960809346
BUS_CSNG_SD,CO2_E,0.07667857164360017
BUS_CSNG_SD,MOB_PUBLIC_SD,1.0
BUS_CSNG_SD,SNG_HP,-0.36967142960809346
BUS_DIESEL_SD,CO2_E,0.09292285713741404
BUS_DIESEL_SD,DIESEL,-0.3273228571236837
BUS_DIESEL_SD,MOB_PUBLIC_SD,1.0
BUS_EV_SD,ELECTRICITY_MV,-0.12218142861741843
BUS_EV_SD,MOB_PUBLIC_SD,1.0
BUS_FC_H2_SD,H2_HP,-0.1593185716845111
BUS_FC_H2_SD,MOB_PUBLIC_SD,1.0
BUS_GASOLINE_SD,CO2_E,0.09292285713741404
BUS_GASOLINE_SD,GASOLINE,-0.3951314285482831
BUS_GASOLINE_SD,MOB_PUBLIC_SD,1.0
BUS_HY_DIESEL_SD,CO2_E,0.061485714287724
BUS_HY_DIESEL_SD,DIESEL,-0.21596857143563059
BUS_HY_DIESEL_SD,MOB_PUBLIC_SD,1.0
BUS_PROPANE_SD,CO2_E,0.09292285713741404
BUS_PROPANE_SD,MOB_PUBLIC_SD,1.0
BUS_PROPANE_SD,PROPANE,-0.3951314285482831
CARBON_CAPTURE,CO2_A,-1.11
CARBON_CAPTURE,CO2_C,1.0
CARBON_CAPTURE,CO2_E,0.11
CARBON_CAPTURE,ELECTRICITY_HV,-0.161
CARBON_CAPTURE,HEAT_HIGH_T,-1.186
CARBON_CAPTURE_AMINES,CO2_A,-1.11
CARBON_CAPTURE_AMINES,CO2_C,1.0
CARBON_CAPTURE_AMINES,CO2_E,0.11
CARBON_CAPTURE_AMINES,ELECTRICITY_HV,-0.015
CARBON_CAPTURE_AMINES,HEAT_HIGH_T,-1.0
CARBON_CAPTURE_MEMBRANES,CO2_A,-1.11
CARBON_CAPTURE_MEMBRANES,CO2_C,1.0
CARBON_CAPTURE_MEMBRANES,CO2_E,0.11
CARBON_CAPTURE_MEMBRANES,ELECTRICITY_HV,-0.37
CARBON_CAPTURE_MOF,CO2_A,-1.11
CARBON_CAPTURE_MOF,CO2_C,1.0
CARBON_CAPTURE_MOF,CO2_E,0.11
CARBON_CAPTURE_MOF,ELECTRICITY_HV,-0.2
CARBON_CAPTURE_MOF,HEAT_HIGH_T,-0.22
CARBON_MINERALIZATION,CO2_C,-1.0
CARBON_MINERALIZATION,CO2_S,1.0
CARBON_MINERALIZATION,ELECTRICITY_HV,-0.49
CARBON_TRANSPORT_INJECTION,CO2_C,-1.0
CARBON_TRANSPORT_INJECTION,CO2_S,1.0
CARBON_TRANSPORT_INJECTION,ELECTRICITY_HV,-0.185
CAR_BIODIESEL_B100_ELD,BIO_DIESEL,-0.36917999984678707
CAR_BIODIESEL_B100_ELD,CO2_E,0.09041142853390703
CAR_BIODIESEL_B100_ELD,MOB_PRIVATE_ELD,1.0
CAR_BIODIESEL_B100_LD,BIO_DIESEL,-0.36917999984678707
CAR_BIODIESEL_B100_LD,CO2_E,0.09041142853390703
CAR_BIODIESEL_B100_LD,MOB_PRIVATE_LD,1.0
CAR_BIODIESEL_B100_MD,BIO_DIESEL,-0.36917999984678707
CAR_BIODIESEL_B100_MD,CO2_E,0.09041142853390703
CAR_BIODIESEL_B100_MD,MOB_PRIVATE_MD,1.0
CAR_BIODIESEL_B100_SD,BIO_DIESEL,-0.36917999984678707
CAR_BIODIESEL_B100_SD,CO2_E,0.09041142853390703
CAR_BIODIESEL_B100_SD,MOB_PRIVATE_SD,1.0
CAR_BIODIESEL_B20_ELD,BIO_DIESEL,-0.07366857139799832
CAR_BIODIESEL_B20_ELD,CO2_E,0.0895742856771116
CAR_BIODIESEL_B20_ELD,DIESEL,-0.29551142844878875
CAR_BIODIESEL_B20_ELD,MOB_PRIVATE_ELD,1.0
CAR_BIODIESEL_B20_LD,BIO_DIESEL,-0.07366857139799832
CAR_BIODIESEL_B20_LD,CO2_E,0.0895742856771116
CAR_BIODIESEL_B20_LD,DIESEL,-0.29551142844878875
CAR_BIODIESEL_B20_LD,MOB_PRIVATE_LD,1.0
CAR_BIODIESEL_B20_MD,BIO_DIESEL,-0.07366857139799832
CAR_BIODIESEL_B20_MD,CO2_E,0.0895742856771116
CAR_BIODIESEL_B20_MD,DIESEL,-0.29551142844878875
CAR_BIODIESEL_B20_MD,MOB_PRIVATE_MD,1.0
CAR_BIODIESEL_B20_SD,BIO_DIESEL,-0.07366857139799832
CAR_BIODIESEL_B20_SD,CO2_E,0.0895742856771116
CAR_BIODIESEL_B20_SD,DIESEL,-0.29551142844878875
CAR_BIODIESEL_B20_SD,MOB_PRIVATE_SD,1.0
CAR_BIOETOH_E10_ELD,BIO_ETHANOL,-0.044368571410158084
CAR_BIOETOH_E10_ELD,CO2_E,0.103805714242634
CAR_BIOETOH_E10_ELD,GASOLINE,-0.3984799998346273
CAR_BIOETOH_E10_ELD,MOB_PRIVATE_ELD,1.0
CAR_BIOETOH_E10_LD,BIO_ETHANOL,-0.044368571410158084
CAR_BIOETOH_E10_LD,CO2_E,0.103805714242634
CAR_BIOETOH_E10_LD,GASOLINE,-0.3984799998346273
CAR_BIOETOH_E10_LD,MOB_PRIVATE_LD,1.0
CAR_BIOETOH_E10_MD,BIO_ETHANOL,-0.044368571410158084
CAR_BIOETOH_E10_MD,CO2_E,0.103805714242634
CAR_BIOETOH_E10_MD,GASOLINE,-0.3984799998346273
CAR_BIOETOH_E10_MD,MOB_PRIVATE_MD,1.0
CAR_BIOETOH_E10_SD,BIO_ETHANOL,-0.044368571410158084
CAR_BIOETOH_E10_SD,CO2_E,0.103805714242634
CAR_BIOETOH_E10_SD,GASOLINE,-0.3984799998346273
CAR_BIOETOH_E10_SD,MOB_PRIVATE_SD,1.0
CAR_BIOETOH_E85_ELD,BIO_ETHANOL,-0.376714285557946
CAR_BIOETOH_E85_ELD,CO2_E,0.09543428567467965
CAR_BIOETOH_E85_ELD,GASOLINE,-0.0661342856868394
CAR_BIOETOH_E85_ELD,MOB_PRIVATE_ELD,1.0
CAR_BIOETOH_E85_LD,BIO_ETHANOL,-0.376714285557946
CAR_BIOETOH_E85_LD,CO2_E,0.09543428567467965
CAR_BIOETOH_E85_LD,GASOLINE,-0.0661342856868394
CAR_BIOETOH_E85_LD,MOB_PRIVATE_LD,1.0
CAR_BIOETOH_E85_MD,BIO_ETHANOL,-0.376714285557946
CAR_BIOETOH_E85_MD,CO2_E,0.09543428567467965
CAR_BIOETOH_E85_MD,GASOLINE,-0.0661342856868394
CAR_BIOETOH_E85_MD,MOB_PRIVATE_MD,1.0
CAR_BIOETOH_E85_SD,BIO_ETHANOL,-0.376714285557946
CAR_BIOETOH_E85_SD,CO2_E,0.09543428567467965
CAR_BIOETOH_E85_SD,GASOLINE,-0.0661342856868394
CAR_BIOETOH_E85_SD,MOB_PRIVATE_SD,1.0
CAR_BIOMEOH_ELD,BIO_METHANOL,-0.04035714286547368
CAR_BIOMEOH_ELD,CO2_E,0.09292285710429335
CAR_BIOMEOH_ELD,GASOLINE,-0.3264857141502199
CAR_BIOMEOH_ELD,MOB_PRIVATE_ELD,1.0
CAR_BIOMEOH_LD,BIO_METHANOL,-0.04035714286547368
CAR_BIOMEOH_LD,CO2_E,0.09292285710429335
CAR_BIOMEOH_LD,GASOLINE,-0.3264857141502199
CAR_BIOMEOH_LD,MOB_PRIVATE_LD,1.0
CAR_BIOMEOH_MD,BIO_METHANOL,-0.04035714286547368
CAR_BIOMEOH_MD,CO2_E,0.09292285710429335
CAR_BIOMEOH_MD,GASOLINE,-0.3264857141502199
CAR_BIOMEOH_MD,MOB_PRIVATE_MD,1.0
CAR_BIOMEOH_SD,BIO_METHANOL,-0.04035714286547368
CAR_BIOMEOH_SD,CO2_E,0.09292285710429335
CAR_BIOMEOH_SD,GASOLINE,-0.3264857141502199
CAR_BIOMEOH_SD,MOB_PRIVATE_SD,1.0
CAR_CNG_ELD,CO2_E,0.08152142853963956
CAR_CNG_ELD,MOB_PRIVATE_ELD,1.0
CAR_CNG_ELD,NG_HP,-0.4834785712400405
CAR_CNG_LD,CO2_E,0.08152142853963956
CAR_CNG_LD,MOB_PRIVATE_LD,1.0
CAR_CNG_LD,NG_HP,-0.4834785712400405
CAR_CNG_MD,CO2_E,0.08152142853963956
CAR_CNG_MD,MOB_PRIVATE_MD,1.0
CAR_CNG_MD,NG_HP,-0.4834785712400405
CAR_CNG_SD,CO2_E,0.08152142853963956
CAR_CNG_SD,MOB_PRIVATE_SD,1.0
CAR_CNG_SD,NG_HP,-0.4834785712400405
CAR_CSNG_ELD,CO2_E,0.08152142853963956
CAR_CSNG_ELD,MOB_PRIVATE_ELD,1.0
CAR_CSNG_ELD,SNG_HP,-0.4834785712400405
CAR_CSNG_LD,CO2_E,0.08152142853963956
CAR_CSNG_LD,MOB_PRIVATE_LD,1.0
CAR_CSNG_LD,SNG_HP,-0.4834785712400405
CAR_CSNG_MD,CO2_E,0.08152142853963956
CAR_CSNG_MD,MOB_PRIVATE_MD,1.0
CAR_CSNG_MD,SNG_HP,-0.4834785712400405
CAR_CSNG_SD,CO2_E,0.08152142853963956
CAR_CSNG_SD,MOB_PRIVATE_SD,1.0
CAR_CSNG_SD,SNG_HP,-0.4834785712400405
CAR_DIESEL_ELD,CO2_E,0.09375999996108879
CAR_DIESEL_ELD,DIESEL,-0.35411142842446924
CAR_DIESEL_ELD,MOB_PRIVATE_ELD,1.0
CAR_DIESEL_LD,CO2_E,0.09375999996108879
CAR_DIESEL_LD,DIESEL,-0.35411142842446924
CAR_DIESEL_LD,MOB_PRIVATE_LD,1.0
CAR_DIESEL_MD,CO2_E,0.09375999996108879
CAR_DIESEL_MD,DIESEL,-0.35411142842446924
CAR_DIESEL_MD,MOB_PRIVATE_MD,1.0
CAR_DIESEL_SD,CO2_E,0.09375999996108879
CAR_DIESEL_SD,DIESEL,-0.35411142842446924
CAR_DIESEL_SD,MOB_PRIVATE_SD,1.0
CAR_ETOH_E10_ELD,CO2_E,0.103805714242634
CAR_ETOH_E10_ELD,ETHANOL,-0.044368571410158084
CAR_ETOH_E10_ELD,GASOLINE,-0.3984799998346273
CAR_ETOH_E10_ELD,MOB_PRIVATE_ELD,1.0
CAR_ETOH_E10_LD,CO2_E,0.103805714242634
CAR_ETOH_E10_LD,ETHANOL,-0.044368571410158084
CAR_ETOH_E10_LD,GASOLINE,-0.3984799998346273
CAR_ETOH_E10_LD,MOB_PRIVATE_LD,1.0
CAR_ETOH_E10_MD,CO2_E,0.103805714242634
CAR_ETOH_E10_MD,ETHANOL,-0.044368571410158084
CAR_ETOH_E10_MD,GASOLINE,-0.3984799998346273
CAR_ETOH_E10_MD,MOB_PRIVATE_MD,1.0
CAR_ETOH_E10_SD,CO2_E,0.103805714242634
CAR_ETOH_E10_SD,ETHANOL,-0.044368571410158084
CAR_ETOH_E10_SD,GASOLINE,-0.3984799998346273
CAR_ETOH_E10_SD,MOB_PRIVATE_SD,1.0
CAR_ETOH_E85_ELD,CO2_E,0.09543428567467965
CAR_ETOH_E85_ELD,ETHANOL,-0.376714285557946
CAR_ETOH_E85_ELD,GASOLINE,-0.0661342856868394
CAR_ETOH_E85_ELD,MOB_PRIVATE_ELD,1.0
CAR_ETOH_E85_LD,CO2_E,0.09543428567467965
CAR_ETOH_E85_LD,ETHANOL,-0.376714285557946
CAR_ETOH_E85_LD,GASOLINE,-0.0661342856868394
CAR_ETOH_E85_LD,MOB_PRIVATE_LD,1.0
CAR_ETOH_E85_MD,CO2_E,0.09543428567467965
CAR_ETOH_E85_MD,ETHANOL,-0.376714285557946
CAR_ETOH_E85_MD,GASOLINE,-0.0661342856868394
CAR_ETOH_E85_MD,MOB_PRIVATE_MD,1.0
CAR_ETOH_E85_SD,CO2_E,0.09543428567467965
CAR_ETOH_E85_SD,ETHANOL,-0.376714285557946
CAR_ETOH_E85_SD,GASOLINE,-0.0661342856868394
CAR_ETOH_E85_SD,MOB_PRIVATE_SD,1.0
CAR_EV_ELD,ELECTRICITY_MV,-0.12502325574526338
CAR_EV_ELD,MOB_PRIVATE_ELD,1.0
CAR_EV_LD,ELECTRICITY_MV,-0.12502325574526338
CAR_EV_LD,MOB_PRIVATE_LD,1.0
CAR_EV_MD,ELECTRICITY_MV,-0.12502325574526338
CAR_EV_MD,MOB_PRIVATE_MD,1.0
CAR_EV_SD,ELECTRICITY_MV,-0.12502325574526338
CAR_EV_SD,MOB_PRIVATE_SD,1.0
CAR_FC_H2_ELD,CO2_E,0.022
CAR_FC_H2_ELD,H2_HP,-0.1872238807630568
CAR_FC_H2_ELD,MOB_PRIVATE_ELD,1.0
CAR_FC_H2_LD,CO2_E,0.022
CAR_FC_H2_LD,H2_HP,-0.1872238807630568
CAR_FC_H2_LD,MOB_PRIVATE_LD,1.0
CAR_FC_H2_MD,CO2_E,0.022
CAR_FC_H2_MD,H2_HP,-0.1872238807630568
CAR_FC_H2_MD,MOB_PRIVATE_MD,1.0
CAR_FC_H2_SD,CO2_E,0.022
CAR_FC_H2_SD,H2_HP,-0.1872238807630568
CAR_FC_H2_SD,MOB_PRIVATE_SD,1.0
CAR_GASOLINE_ELD,CO2_E,0.09362857155371704
CAR_GASOLINE_ELD,GASOLINE,-0.34384285760244354
CAR_GASOLINE_ELD,MOB_PRIVATE_ELD,1.0
CAR_GASOLINE_LD,CO2_E,0.09362857155371704
CAR_GASOLINE_LD,GASOLINE,-0.34384285760244354
CAR_GASOLINE_LD,MOB_PRIVATE_LD,1.0
CAR_GASOLINE_MD,CO2_E,0.09362857155371704
CAR_GASOLINE_MD,GASOLINE,-0.34384285760244354
CAR_GASOLINE_MD,MOB_PRIVATE_MD,1.0
CAR_GASOLINE_SD,CO2_E,0.09362857155371704
CAR_GASOLINE_SD,GASOLINE,-0.34384285760244354
CAR_GASOLINE_SD,MOB_PRIVATE_SD,1.0
CAR_HEV_ELD,CO2_E,0.06917142861661918
CAR_HEV_ELD,GASOLINE,-0.2928257144770212
CAR_HEV_ELD,MOB_PRIVATE_ELD,1.0
CAR_HEV_LD,CO2_E,0.06917142861661918
CAR_HEV_LD,GASOLINE,-0.2928257144770212
CAR_HEV_LD,MOB_PRIVATE_LD,1.0
CAR_HEV_MD,CO2_E,0.06917142861661918
CAR_HEV_MD,GASOLINE,-0.2928257144770212
CAR_HEV_MD,MOB_PRIVATE_MD,1.0
CAR_HEV_SD,CO2_E,0.06917142861661918
CAR_HEV_SD,GASOLINE,-0.2928257144770212
CAR_HEV_SD,MOB_PRIVATE_SD,1.0
CAR_MEOH_ELD,CO2_E,0.09292285710429335
CAR_MEOH_ELD,GASOLINE,-0.3264857141502199
CAR_MEOH_ELD,METHANOL,-0.04035714286547368
CAR_MEOH_ELD,MOB_PRIVATE_ELD,1.0
CAR_MEOH_LD,CO2_E,0.09292285710429335
CAR_MEOH_LD,GASOLINE,-0.3264857141502199
CAR_MEOH_LD,METHANOL,-0.04035714286547368
CAR_MEOH_LD,MOB_PRIVATE_LD,1.0
CAR_MEOH_MD,CO2_E,0.09292285710429335
CAR_MEOH_MD,GASOLINE,-0.3264857141502199
CAR_MEOH_MD,METHANOL,-0.04035714286547368
CAR_MEOH_MD,MOB_PRIVATE_MD,1.0
CAR_MEOH_SD,CO2_E,0.09292285710429335
CAR_MEOH_SD,GASOLINE,-0.3264857141502199
CAR_MEOH_SD,METHANOL,-0.04035714286547368
CAR_MEOH_SD,MOB_PRIVATE_SD,1.0
CAR_PHEV_ELD,CO2_E,0.04063428589774853
CAR_PHEV_ELD,ELECTRICITY_MV,-0.08752000002856344
CAR_PHEV_ELD,GASOLINE,-0.17347714364038797
CAR_PHEV_ELD,MOB_PRIVATE_ELD,1.0
CAR_PHEV_LD,CO2_E,0.04063428589774853
CAR_PHEV_LD,ELECTRICITY_MV,-0.08752000002856344
CAR_PHEV_LD,GASOLINE,-0.17347714364038797
CAR_PHEV_LD,MOB_PRIVATE_LD,1.0
CAR_PHEV_MD,CO2_E,0.04063428589774853
CAR_PHEV_MD,ELECTRICITY_MV,-0.08752000002856344
CAR_PHEV_MD,GASOLINE,-0.17347714364038797
CAR_PHEV_MD,MOB_PRIVATE_MD,1.0
CAR_PHEV_SD,CO2_E,0.04063428589774853
CAR_PHEV_SD,ELECTRICITY_MV,-0.08752000002856344
CAR_PHEV_SD,GASOLINE,-0.17347714364038797
CAR_PHEV_SD,MOB_PRIVATE_SD,1.0
CAR_PROPANE_ELD,CO2_E,0.09208571424749791
CAR_PROPANE_ELD,MOB_PRIVATE_ELD,1.0
CAR_PROPANE_ELD,PROPANE,-0.44284857124478544
CAR_PROPANE_LD,CO2_E,0.09208571424749791
CAR_PROPANE_LD,MOB_PRIVATE_LD,1.0
CAR_PROPANE_LD,PROPANE,-0.44284857124478544
CAR_PROPANE_MD,CO2_E,0.09208571424749791
CAR_PROPANE_MD,MOB_PRIVATE_MD,1.0
CAR_PROPANE_MD,PROPANE,-0.44284857124478544
CAR_PROPANE_SD,CO2_E,0.09208571424749791
CAR_PROPANE_SD,MOB_PRIVATE_SD,1.0
CAR_PROPANE_SD,PROPANE,-0.44284857124478544
CCGT,CO2_A,0.314
CCGT,ELECTRICITY_HV,1.0
CCGT,NG_HP,-1.4862380949944969
CCGT_BIOGAS,CO2_A,0.2940634920152943
CCGT_BIOGAS,ELECTRICITY_HV,1.0
CCGT_BIOGAS,SNG_HP,-1.4862380949944969
CCGT_BIOGAS_CC,CO2_C,0.2940634920152943
CCGT_BIOGAS_CC,CO2_E,0.08428571427189964
CCGT_BIOGAS_CC,ELECTRICITY_HV,1.0
CCGT_BIOGAS_CC,SNG_HP,-1.6426349203656885
CCGT_CC,CO2_C,0.314
CCGT_CC,CO2_E,0.09
CCGT_CC,ELECTRICITY_HV,1.0
CCGT_CC,NG_HP,-1.6426349203656885
CEMENT_PROD,CEMENT,1.0
CEMENT_PROD,CO2_A,0.185
CEMENT_PROD,ELECTRICITY_MV,-0.108
CEMENT_PROD,HEAT_HIGH_T,-0.862
CEMENT_PROD_HP,CEMENT,1.0
CEMENT_PROD_HP,CO2_A,0.185
CEMENT_PROD_HP,ELECTRICITY_MV,-0.058
CEMENT_PROD_HP,HEAT_HIGH_T,-0.862
CO2_E,CO2_E,1.0
CO2_METHANOL,CO2_C,-0.25
CO2_METHANOL,H2_MP,-1.5
CO2_METHANOL,METHANOL,1.0
CO2_STO,CO2_C,-1.0
CO2_STO,CO2_CS,1.0
CO2_STO,ELECTRICITY_MV,-0.007
CO2_TO_DIESEL,CO2_C,-0.361
CO2_TO_DIESEL,DIESEL,1.0
CO2_TO_DIESEL,GASOLINE,0.388
CO2_TO_DIESEL,H2_MP,-1.538
CO2_TO_JETFUELS,BIO_JETFUEL,1.0
CO2_TO_JETFUELS,CO2_A,1.023
CO2_TO_JETFUELS,CO2_C,-0.26
CO2_TO_JETFUELS,H2_MP,-1.19
CO2_TO_JETFUELS,WET_BIOMASS,-3.413
COACH_BIODIESEL_B100_ELD,BIO_DIESEL,-0.10213142856544606
COACH_BIODIESEL_B100_ELD,CO2_E,0.020091428570251684
COACH_BIODIESEL_B100_ELD,MOB_PUBLIC_ELD,1.0
COACH_BIODIESEL_B100_LD,BIO_DIESEL,-0.10213142856544606
COACH_BIODIESEL_B100_LD,CO2_E,0.020091428570251684
COACH_BIODIESEL_B100_LD,MOB_PUBLIC_LD,1.0
COACH_BIODIESEL_B100_MD,BIO_DIESEL,-0.10213142856544606
COACH_BIODIESEL_B100_MD,CO2_E,0.020091428570251684
COACH_BIODIESEL_B100_MD,MOB_PUBLIC_MD,1.0
COACH_BIODIESEL_B20_ELD,BIO_DIESEL,-0.020091428570251684
COACH_BIODIESEL_B20_ELD,CO2_E,0.020091428570251684
COACH_BIODIESEL_B20_ELD,DIESEL,-0.08120285713810056
COACH_BIODIESEL_B20_ELD,MOB_PUBLIC_ELD,1.0
COACH_BIODIESEL_B20_LD,BIO_DIESEL,-0.020091428570251684
COACH_BIODIESEL_B20_LD,CO2_E,0.020091428570251684
COACH_BIODIESEL_B20_LD,DIESEL,-0.08120285713810056
COACH_BIODIESEL_B20_LD,MOB_PUBLIC_LD,1.0
COACH_BIODIESEL_B20_MD,BIO_DIESEL,-0.020091428570251684
COACH_BIODIESEL_B20_MD,CO2_E,0.020091428570251684
COACH_BIODIESEL_B20_MD,DIESEL,-0.08120285713810056
COACH_BIODIESEL_B20_MD,MOB_PUBLIC_MD,1.0
COACH_BIOETOH_E10_ELD,BIO_ETHANOL,-0.013394285713501123
COACH_BIOETOH_E10_ELD,CO2_E,0.03264857142665899
COACH_BIOETOH_E10_ELD,GASOLINE,-0.12389714284988539
COACH_BIOETOH_E10_ELD,MOB_PUBLIC_ELD,1.0
COACH_BIOETOH_E10_LD,BIO_ETHANOL,-0.013394285713501123
COACH_BIOETOH_E10_LD,CO2_E,0.03264857142665899
COACH_BIOETOH_E10_LD,GASOLINE,-0.12389714284988539
COACH_BIOETOH_E10_LD,MOB_PUBLIC_LD,1.0
COACH_BIOETOH_E10_MD,BIO_ETHANOL,-0.013394285713501123
COACH_BIOETOH_E10_MD,CO2_E,0.03264857142665899
COACH_BIOETOH_E10_MD,GASOLINE,-0.12389714284988539
COACH_BIOETOH_E10_MD,MOB_PUBLIC_MD,1.0
COACH_CNG_ELD,CO2_E,0.015335714328720034
COACH_CNG_ELD,MOB_PUBLIC_ELD,1.0
COACH_CNG_ELD,NG_HP,-0.08878571453469493
COACH_CNG_LD,CO2_E,0.015335714328720034
COACH_CNG_LD,MOB_PUBLIC_LD,1.0
COACH_CNG_LD,NG_HP,-0.08878571453469493
COACH_CNG_MD,CO2_E,0.015335714328720034
COACH_CNG_MD,MOB_PUBLIC_MD,1.0
COACH_CNG_MD,NG_HP,-0.08878571453469493
COACH_CSNG_ELD,CO2_E,0.015335714328720034
COACH_CSNG_ELD,MOB_PUBLIC_ELD,1.0
COACH_CSNG_ELD,SNG_HP,-0.08878571453469493
COACH_CSNG_LD,CO2_E,0.015335714328720034
COACH_CSNG_LD,MOB_PUBLIC_LD,1.0
COACH_CSNG_LD,SNG_HP,-0.08878571453469493
COACH_CSNG_MD,CO2_E,0.015335714328720034
COACH_CSNG_MD,MOB_PUBLIC_MD,1.0
COACH_CSNG_MD,SNG_HP,-0.08878571453469493
COACH_DIESEL_ELD,CO2_E,0.020091428570251684
COACH_DIESEL_ELD,DIESEL,-0.10213142856544606
COACH_DIESEL_ELD,MOB_PUBLIC_ELD,1.0
COACH_DIESEL_LD,CO2_E,0.020091428570251684
COACH_DIESEL_LD,DIESEL,-0.10213142856544606
COACH_DIESEL_LD,MOB_PUBLIC_LD,1.0
COACH_DIESEL_MD,CO2_E,0.020091428570251684
COACH_DIESEL_MD,DIESEL,-0.10213142856544606
COACH_DIESEL_MD,MOB_PUBLIC_MD,1.0
COACH_ETOH_E10_ELD,CO2_E,0.03264857142665899
COACH_ETOH_E10_ELD,ETHANOL,-0.013394285713501123
COACH_ETOH_E10_ELD,GASOLINE,-0.12389714284988539
COACH_ETOH_E10_ELD,MOB_PUBLIC_ELD,1.0
COACH_ETOH_E10_LD,CO2_E,0.03264857142665899
COACH_ETOH_E10_LD,ETHANOL,-0.013394285713501123
COACH_ETOH_E10_LD,GASOLINE,-0.12389714284988539
COACH_ETOH_E10_LD,MOB_PUBLIC_LD,1.0
COACH_ETOH_E10_MD,CO2_E,0.03264857142665899
COACH_ETOH_E10_MD,ETHANOL,-0.013394285713501123
COACH_ETOH_E10_MD,GASOLINE,-0.12389714284988539
COACH_ETOH_E10_MD,MOB_PUBLIC_MD,1.0
COACH_EV_ELD,ELECTRICITY_MV,-0.02874857143939257
COACH_EV_ELD,MOB_PUBLIC_ELD,1.0
COACH_EV_LD,ELECTRICITY_MV,-0.02874857143939257
COACH_EV_LD,MOB_PUBLIC_LD,1.0
COACH_EV_MD,ELECTRICITY_MV,-0.02874857143939257
COACH_EV_MD,MOB_PUBLIC_MD,1.0
COACH_GASOLINE_ELD,CO2_E,0.03264857142665899
COACH_GASOLINE_ELD,GASOLINE,-0.13812857142048035
COACH_GASOLINE_ELD,MOB_PUBLIC_ELD,1.0
COACH_GASOLINE_LD,CO2_E,0.03264857142665899
COACH_GASOLINE_LD,GASOLINE,-0.13812857142048035
COACH_GASOLINE_LD,MOB_PUBLIC_LD,1.0
COACH_GASOLINE_MD,CO2_E,0.03264857142665899
COACH_GASOLINE_MD,GASOLINE,-0.13812857142048035
COACH_GASOLINE_MD,MOB_PUBLIC_MD,1.0
COACH_HY_DIESEL_ELD,CO2_E,0.0368914285726344
COACH_HY_DIESEL_ELD,DIESEL,-0.14064857143316864
COACH_HY_DIESEL_ELD,MOB_PUBLIC_ELD,1.0
COACH_HY_DIESEL_LD,CO2_E,0.0368914285726344
COACH_HY_DIESEL_LD,DIESEL,-0.14064857143316864
COACH_HY_DIESEL_LD,MOB_PUBLIC_LD,1.0
COACH_HY_DIESEL_MD,CO2_E,0.0368914285726344
COACH_HY_DIESEL_MD,DIESEL,-0.14064857143316864
COACH_HY_DIESEL_MD,MOB_PUBLIC_MD,1.0
COACH_PROPANE_ELD,CO2_E,0.03264857142665899
COACH_PROPANE_ELD,MOB_PUBLIC_ELD,1.0
COACH_PROPANE_ELD,PROPANE,-0.13812857142048035
COACH_PROPANE_LD,CO2_E,0.03264857142665899
COACH_PROPANE_LD,MOB_PUBLIC_LD,1.0
COACH_PROPANE_LD,PROPANE,-0.13812857142048035
COACH_PROPANE_MD,CO2_E,0.03264857142665899
COACH_PROPANE_MD,MOB_PUBLIC_MD,1.0
COACH_PROPANE_MD,PROPANE,-0.13812857142048035
COAL,COAL,1.0
COAL_GAS_H2,CO2_A,0.656
COAL_GAS_H2,COAL,-1.635
COAL_GAS_H2,ELECTRICITY_LV,0.043
COAL_GAS_H2,H2_MP,1.0
COAL_GAS_H2_ADV,CO2_A,1.221
COAL_GAS_H2_ADV,COAL,-3.042
COAL_GAS_H2_ADV,ELECTRICITY_LV,0.898
COAL_GAS_H2_ADV,H2_MP,1.0
COAL_GAS_H2_ADV_CCS,CO2_C,1.062
COAL_GAS_H2_ADV_CCS,CO2_E,0.118
COAL_GAS_H2_ADV_CCS,COAL,-2.939
COAL_GAS_H2_ADV_CCS,ELECTRICITY_LV,0.661
COAL_GAS_H2_ADV_CCS,H2_MP,1.0
COAL_GAS_H2_CCS,CO2_C,0.652
COAL_GAS_H2_CCS,CO2_E,0.072
COAL_GAS_H2_CCS,COAL,-1.804
COAL_GAS_H2_CCS,ELECTRICITY_LV,0.064
COAL_GAS_H2_CCS,H2_MP,1.0
COAL_IGCC,CO2_A,0.4006915889750786
COAL_IGCC,COAL,-1.8720093466822112
COAL_IGCC,ELECTRICITY_HV,1.0
COAL_IGCC_CC,CO2_C,0.6835327106045459
COAL_IGCC_CC,CO2_E,0.07796261685940443
COAL_IGCC_CC,COAL,-2.3388785057821333
COAL_IGCC_CC,ELECTRICITY_HV,1.0
COAL_US,CO2_A,0.3934392523198846
COAL_US,COAL,-1.7586915887110048
COAL_US,ELECTRICITY_HV,1.0
COAL_US_CC,CO2_C,0.7107289719326948
COAL_US_CC,CO2_E,0.14595327102189268
COAL_US_CC,COAL,-1.799485981232652
COAL_US_CC,ELECTRICITY_HV,1.0
COMMUTER_RAIL_DIESEL_MD,CO2_E,0.102
COMMUTER_RAIL_DIESEL_MD,DIESEL,-0.27
COMMUTER_RAIL_DIESEL_MD,MOB_PUBLIC_MD,1.0
COMMUTER_RAIL_DIESEL_SD,CO2_E,0.102
COMMUTER_RAIL_DIESEL_SD,DIESEL,-0.27
COMMUTER_RAIL_DIESEL_SD,MOB_PUBLIC_SD,1.0
COMMUTER_RAIL_ELEC_MD,ELECTRICITY_HV,-0.092
COMMUTER_RAIL_ELEC_MD,MOB_PUBLIC_MD,1.0
COMMUTER_RAIL_ELEC_SD,ELECTRICITY_HV,-0.092
COMMUTER_RAIL_ELEC_SD,MOB_PUBLIC_SD,1.0
CONTAINER_BIOMEOH_ELD,BIO_METHANOL,-0.116
CONTAINER_BIOMEOH_ELD,CO2_E,0.044496
CONTAINER_BIOMEOH_ELD,MOB_FREIGHT_ELD,1.0
CONTAINER_BIO_ELD,BIO_HFO,-0.116
CONTAINER_BIO_ELD,CO2_E,0.04944
CONTAINER_BIO_ELD,MOB_FREIGHT_ELD,1.0
CONTAINER_ELD,CO2_E,0.04944
CONTAINER_ELD,HFO,-0.116
CONTAINER_ELD,MOB_FREIGHT_ELD,1.0
CONTAINER_MEOH_ELD,CO2_E,0.044496
CONTAINER_MEOH_ELD,METHANOL,-0.116
CONTAINER_MEOH_ELD,MOB_FREIGHT_ELD,1.0
CROPS_TO_ETHANOL,BIO_ETHANOL,1.0
CROPS_TO_ETHANOL,CO2_A,0.154
CROPS_TO_ETHANOL,WET_BIOMASS,-1.786
CROPS_TO_JETFUELS,BIO_JETFUEL,1.0
CROPS_TO_JETFUELS,CO2_A,1.023
CROPS_TO_JETFUELS,WET_BIOMASS,-3.413
CUMENE_PROCESS,ACETIC_ACID,0.01
CUMENE_PROCESS,ACETONE,1.0
CUMENE_PROCESS,BENZENE,-3.0
CUMENE_PROCESS,CO2_A,0.853
CUMENE_PROCESS,PHENOL,0.92
CUMENE_PROCESS,PROPYLENE,-0.95
DAC_HT,CO2_C,1.0
DAC_HT,CO2_E,-1.0
DAC_HT,ELECTRICITY_MV,-0.367
DAC_HT,HEAT_HIGH_T,-1.472
DAC_LT,CO2_C,1.0
DAC_LT,CO2_E,-1.0
DAC_LT,ELECTRICITY_MV,-0.275
DAC_LT,HEAT_LOW_T_DECEN,-2.722
DEC_ADVCOGEN_H2,ELECTRICITY_MV,2.64
DEC_ADVCOGEN_H2,H2_MP,-4.55
DEC_ADVCOGEN_H2,HEAT_LOW_T_DECEN,1.0
DEC_BOILER_BIOGAS,CO2_E,0.20009433958016823
DEC_BOILER_BIOGAS,HEAT_LOW_T_DECEN,1.0
DEC_BOILER_BIOGAS,SNG_LP,-1.0995283016533997
DEC_BOILER_BIOOIL,BIO_LFO,-1.18
DEC_BOILER_BIOOIL,CO2_E,0.27141509431785876
DEC_BOILER_BIOOIL,HEAT_LOW_T_DECEN,1.0
DEC_BOILER_GAS,CO2_E,0.20009433958016823
DEC_BOILER_GAS,HEAT_LOW_T_DECEN,1.0
DEC_BOILER_GAS,NG_LP,-1.0995283016533997
DEC_BOILER_OIL,CO2_E,0.27141509431785876
DEC_BOILER_OIL,HEAT_LOW_T_DECEN,1.0
DEC_BOILER_OIL,LFO,-1.168867924434574
DEC_BOILER_WOOD,CO2_E,0.4526886792089834
DEC_BOILER_WOOD,HEAT_LOW_T_DECEN,1.0
DEC_BOILER_WOOD,WOOD,-1.168867924434574
DEC_COGEN_BIOGAS,CO2_E,0.4259433961339929
DEC_COGEN_BIOGAS,ELECTRICITY_LV,0.96
DEC_COGEN_BIOGAS,HEAT_LOW_T_DECEN,1.0
DEC_COGEN_BIOGAS,SNG_LP,-2.149528301420383
DEC_COGEN_BIOOIL,BIO_LFO,-2.33
DEC_COGEN_BIOOIL,CO2_E,0.6191037736979205
DEC_COGEN_BIOOIL,ELECTRICITY_LV,0.91
DEC_COGEN_BIOOIL,HEAT_LOW_T_DECEN,1.0
DEC_COGEN_GAS,CO2_E,0.4259433961339929
DEC_COGEN_GAS,ELECTRICITY_LV,0.96
DEC_COGEN_GAS,HEAT_LOW_T_DECEN,1.0
DEC_COGEN_GAS,NG_LP,-2.149528301420383
DEC_COGEN_OIL,CO2_E,0.6191037736979205
DEC_COGEN_OIL,ELECTRICITY_LV,0.91
DEC_COGEN_OIL,HEAT_LOW_T_DECEN,1.0
DEC_COGEN_OIL,LFO,-2.3080188683458474
DEC_COGEN_WOOD,CO2_E,0.733
DEC_COGEN_WOOD,ELECTRICITY_MV,0.34
DEC_COGEN_WOOD,HEAT_LOW_T_DECEN,1.0
DEC_COGEN_WOOD,WOOD,-1.887
DEC_DIRECT_ELEC,ELECTRICITY_LV,-1.0
DEC_DIRECT_ELEC,HEAT_LOW_T_DECEN,1.0
DEC_HP_ELEC,ELECTRICITY_LV,-0.2897560969776663
DEC_HP_ELEC,HEAT_LOW_T_DECEN,1.0
DEC_RENOVATION,HEAT_LOW_T_DECEN,1.0
DEC_SOLAR,HEAT_LOW_T_DECEN,1.0
DEC_SOLAR,RES_SOLAR,-1.0
DEC_THHP_BIOGAS,CO2_E,0.11590243908271243
DEC_THHP_BIOGAS,HEAT_LOW_T_DECEN,1.0
DEC_THHP_BIOGAS,SNG_LP,-0.5882926832228585
DEC_THHP_GAS,CO2_E,0.11590243908271243
DEC_THHP_GAS,HEAT_LOW_T_DECEN,1.0
DEC_THHP_GAS,NG_LP,-0.5882926832228585
DEEP_SALINE,CO2_C,-1.0
DEEP_SALINE,CO2_E,0.05
DEEP_SALINE,CO2_S,0.95
DEEP_SALINE,ELECTRICITY_MV,-0.0001
DHN_BOILER_BIOGAS,CO2_A,0.20009433954387873
DHN_BOILER_BIOGAS,HEAT_LOW_T_DHN,1.0
DHN_BOILER_BIOGAS,SNG_MP,-1.069811320333609
DHN_BOILER_BIOOIL,BIO_LFO,-1.15
DHN_BOILER_BIOOIL,CO2_A,0.30509433964775484
DHN_BOILER_BIOOIL,HEAT_LOW_T_DHN,1.0
DHN_BOILER_GAS,CO2_A,0.20009433954387873
DHN_BOILER_GAS,HEAT_LOW_T_DHN,1.0
DHN_BOILER_GAS,NG_MP,-1.069811320333609
DHN_BOILER_OIL,CO2_A,0.30509433964775484
DHN_BOILER_OIL,HEAT_LOW_T_DHN,1.0
DHN_BOILER_OIL,LFO,-1.1391509434899938
DHN_BOILER_WOOD,CO2_A,0.44476415088898896
DHN_BOILER_WOOD,HEAT_LOW_T_DHN,1.0
DHN_BOILER_WOOD,WOOD,-1.1490566036330228
DHN_COGEN_BIOGAS,CO2_A,0.3922641509137914
DHN_COGEN_BIOGAS,ELECTRICITY_MV,1.25
DHN_COGEN_BIOGAS,HEAT_LOW_T_DHN,1.0
DHN_COGEN_BIOGAS,SNG_MP,-2.4764150941527237
DHN_COGEN_GAS,CO2_A,0.3922641509137914
DHN_COGEN_GAS,ELECTRICITY_MV,1.25
DHN_COGEN_GAS,HEAT_LOW_T_DHN,1.0
DHN_COGEN_GAS,NG_MP,-2.4764150941527237
DHN_COGEN_WASTE,CO2_A,1.195846382447862
DHN_COGEN_WASTE,ELECTRICITY_MV,0.44
DHN_COGEN_WASTE,HEAT_LOW_T_DHN,1.0
DHN_COGEN_WASTE,WASTE,-2.2067988105022893
DHN_COGEN_WASTE_CC,CO2_C,0.68
DHN_COGEN_WASTE_CC,CO2_E,0.68
DHN_COGEN_WASTE_CC,ELECTRICITY_MV,0.444
DHN_COGEN_WASTE_CC,HEAT_LOW_T_DHN,1.0
DHN_COGEN_WASTE_CC,WASTE,-2.4
DHN_COGEN_WOOD,CO2_A,0.733
DHN_COGEN_WOOD,ELECTRICITY_MV,0.34
DHN_COGEN_WOOD,HEAT_LOW_T_DHN,1.0
DHN_COGEN_WOOD,WOOD,-1.89
DHN_DEEP_GEO,HEAT_LOW_T_DHN,1.0
DHN_DEEP_GEO,RES_GEO,-1.0
DHN_HP_ELEC,ELECTRICITY_MV,-0.21951219548450038
DHN_HP_ELEC,HEAT_LOW_T_DHN,1.0
DHN_RENOVATION,HEAT_LOW_T_DHN,1.0
DIESEL,DIESEL,1.0
DIESEL_S,DIESEL_S,1.0
DIE_STO,DIESEL,-1.0
DIE_STO,DIESEL_S,1.0
DIRECT_USAGE,CO2_C,-1.0
DIRECT_USAGE,ELECTRICITY_EHV,-0.119
DOGR,CO2_C,-1.0
DOGR,CO2_E,0.05
DOGR,CO2_S,0.95
DOGR,ELECTRICITY_MV,-0.0001
ELECTRICITY_EHV,CO2_E,0.4818
ELECTRICITY_EHV,ELECTRICITY_EHV,1.0
ELEC_EXPORT,ELECTRICITY_EHV,-1.0
ELEC_S,ELEC_S,1.0
ELEC_STO,ELECTRICITY_LV,-1.0
ELEC_STO,ELEC_S,1.0
EOR,CO2_C,-1.0
EOR,CO2_E,0.05
EOR,CO2_S,0.95
EOR,ELECTRICITY_MV,-0.0001
ETHANE,ETHANE,1.0
ETHANE_CRACKING,CO2_A,0.053
ETHANE_CRACKING,ETHANE,-1.577
ETHANE_CRACKING,ETHYLENE,1.0
ETHANE_CRACKING,PROPYLENE,0.224
ETHANE_OXIDATION,ACETIC_ACID,1.0
ETHANE_OXIDATION,CO2_A,0.152
ETHANE_OXIDATION,ETHYLENE,-2.146
ETHANE_TO_ETHYLENE,CO2_A,0.09
ETHANE_TO_ETHYLENE,ETHANE,-1.493
ETHANE_TO_ETHYLENE,ETHYLENE,1.0
ETHANOL,ETHANOL,1.0
ETHANOL_TO_JETFUELS,CO2_A,0.192
ETHANOL_TO_JETFUELS,ETHANOL,-1.754
ETHANOL_TO_JETFUELS,JETFUEL,1.0
ETHYLBENZENE,ETHYLBENZENE,1.0
ETHYLENE,ETHYLENE,1.0
ETHYLENE_POLYMERIZATION,CO2_C,-0.011
ETHYLENE_POLYMERIZATION,ETHYLENE,-1.031
ETHYLENE_POLYMERIZATION,PE,1.0
FOOD_PROD,ELECTRICITY_MV,-0.61
FOOD_PROD,FOOD,1.0
FOOD_PROD,HEAT_HIGH_T,-1.6
FOOD_PROD_HP,ELECTRICITY_MV,-0.788
FOOD_PROD_HP,FOOD,1.0
FOOD_PROD_HP,HEAT_HIGH_T,-0.009
FOOD_PROD_HR,ELECTRICITY_MV,-0.61
FOOD_PROD_HR,FOOD,1.0
FOOD_PROD_HR,HEAT_HIGH_T,-1.285
FT,BIO_DIESEL,1.0
FT,CO2_A,0.464
FT,ELECTRICITY_MV,-0.004
FT,HEAT_LOW_T_DHN,0.395
FT,WOOD,-1.879
GASIFICATION_H2,CO2_A,0.635
GASIFICATION_H2,ELECTRICITY_MV,-0.093
GASIFICATION_H2,H2_MP,1.0
GASIFICATION_H2,HEAT_HIGH_T,0.288
GASIFICATION_H2,WOOD,-1.63
GASIFICATION_SNG,CO2_A,0.327
GASIFICATION_SNG,HEAT_HIGH_T,0.324
GASIFICATION_SNG,SNG_MP,1.0
GASIFICATION_SNG,WOOD,-1.351
GASOLINE,GASOLINE,1.0
GASOLINE_S,GASOLINE_S,1.0
GASO_STO,GASOLINE,-1.0
GASO_STO,GASOLINE_S,1.0
GEOTHERMAL,ELECTRICITY_MV,1.0
GEOTHERMAL,RES_GEO,-1.0
H2_CCGT,ELECTRICITY_HV,1.0
H2_CCGT,H2_MP,-1.429
H2_COMP_HE,ELECTRICITY_MV,-0.007
H2_COMP_HE,H2_EHP,1.0
H2_COMP_HE,H2_HP,-1.0
H2_COMP_LM,ELECTRICITY_MV,-0.02
H2_COMP_LM,H2_LP,-1.0
H2_COMP_LM,H2_MP,1.0
H2_COMP_MH,ELECTRICITY_MV,-0.01
H2_COMP_MH,H2_HP,1.0
H2_COMP_MH,H2_MP,-1.0
H2_EHP,H2_EHP,1.0
H2_EXP_EH,H2_EHP,-1.0
H2_EXP_EH,H2_HP,1.0
H2_EXP_EH_COGEN,ELECTRICITY_MV,0.007
H2_EXP_EH_COGEN,H2_EHP,-1.0
H2_EXP_EH_COGEN,H2_HP,1.0
H2_EXP_EH_COGEN,HEAT_LOW_T_DECEN,-0.007
H2_EXP_HM,H2_HP,-1.0
H2_EXP_HM,H2_MP,1.0
H2_EXP_HM_COGEN,ELECTRICITY_MV,0.01
H2_EXP_HM_COGEN,H2_HP,-1.0
H2_EXP_HM_COGEN,H2_MP,1.0
H2_EXP_HM_COGEN,HEAT_LOW_T_DECEN,-0.01
H2_EXP_ML,H2_LP,1.0
H2_EXP_ML,H2_MP,-1.0
H2_EXP_ML_COGEN,ELECTRICITY_MV,0.02
H2_EXP_ML_COGEN,H2_LP,1.0
H2_EXP_ML_COGEN,H2_MP,-1.0
H2_EXP_ML_COGEN,HEAT_LOW_T_DECEN,-0.201
H2_HP,H2_HP,1.0
H2_LP,H2_LP,1.0
H2_MP,H2_MP,1.0
H2_NG_CCGT,CO2_A,0.32
H2_NG_CCGT,ELECTRICITY_HV,1.0
H2_NG_CCGT,H2_MP,-0.362
H2_NG_CCGT,NG_MP,-1.1238095236253285
H2_NG_CCGT_CCS,CO2_C,0.318
H2_NG_CCGT_CCS,CO2_E,0.035
H2_NG_CCGT_CCS,ELECTRICITY_HV,1.0
H2_NG_CCGT_CCS,H2_MP,-0.4
H2_NG_CCGT_CCS,NG_MP,-1.2408730156696335
H2_SNG_CCGT,CO2_A,0.32
H2_SNG_CCGT,ELECTRICITY_HV,1.0
H2_SNG_CCGT,H2_MP,-0.362
H2_SNG_CCGT,SNG_MP,-1.1238095236253285
H2_SNG_CCGT_CCS,CO2_C,0.318
H2_SNG_CCGT_CCS,CO2_E,0.035
H2_SNG_CCGT_CCS,ELECTRICITY_HV,1.0
H2_SNG_CCGT_CCS,H2_MP,-0.4
H2_SNG_CCGT_CCS,SNG_MP,-1.2408730156696335
H2_STO,H2_EHP,-1.0
H2_STO,H2_S,1.0
HFO,HFO,1.0
HT_LT,HEAT_HIGH_T,-1.0
HT_LT,HEAT_LOW_T_DHN,1.0
HT_LT_DEC,HEAT_HIGH_T,-1.0
HT_LT_DEC,HEAT_LOW_T_DECEN,1.0
HYDRO_DAM,ELECTRICITY_EHV,1.0
HYDRO_DAM,RES_HYDRO,-1.0
HYDRO_GAS,CO2_A,0.689
HYDRO_GAS,ELECTRICITY_MV,0.094
HYDRO_GAS,SNG_MP,1.0
HYDRO_GAS,WET_BIOMASS,-2.36
HYDRO_GAS_CHP,CO2_A,1.481
HYDRO_GAS_CHP,ELECTRICITY_MV,1.0
HYDRO_GAS_CHP,HEAT_HIGH_T,1.319
HYDRO_GAS_CHP,WET_BIOMASS,-3.937
HYDRO_RIVER,ELECTRICITY_EHV,1.0
HYDRO_RIVER,RES_HYDRO,-1.0
IND_BOILER_BIOGAS,CO2_A,0.20009433954387873
IND_BOILER_BIOGAS,HEAT_HIGH_T,1.0
IND_BOILER_BIOGAS,SNG_MP,-1.0103773580928528
IND_BOILER_BIOOIL,BIO_LFO,-1.146
IND_BOILER_BIOOIL,CO2_A,0.30509433964775484
IND_BOILER_BIOOIL,HEAT_HIGH_T,1.0
IND_BOILER_COAL,CO2_A,0.38533018858981877
IND_BOILER_COAL,COAL,-1.2084905657572722
IND_BOILER_COAL,HEAT_HIGH_T,1.0
IND_BOILER_GAS,CO2_A,0.20009433954387873
IND_BOILER_GAS,HEAT_HIGH_T,1.0
IND_BOILER_GAS,NG_MP,-1.0103773580928528
IND_BOILER_OIL,CO2_A,0.30509433964775484
IND_BOILER_OIL,HEAT_HIGH_T,1.0
IND_BOILER_OIL,LFO,-1.1351886793387242
IND_BOILER_WASTE,CO2_A,0.379
IND_BOILER_WASTE,HEAT_HIGH_T,1.0
IND_BOILER_WASTE,WASTE,-1.2084905657572722
IND_BOILER_WASTE_CC,CO2_C,0.369
IND_BOILER_WASTE_CC,CO2_E,0.369
IND_BOILER_WASTE_CC,HEAT_HIGH_T,1.0
IND_BOILER_WASTE_CC,WASTE,-1.317
IND_BOILER_WOOD,CO2_A,0.44476415088898896
IND_BOILER_WOOD,HEAT_HIGH_T,1.0
IND_BOILER_WOOD,WOOD,-1.1460849055201787
IND_COGEN_BIOGAS,CO2_A,0.4259433961339929
IND_COGEN_BIOGAS,ELECTRICITY_HV,0.956
IND_COGEN_BIOGAS,HEAT_HIGH_T,1.0
IND_COGEN_BIOGAS,SNG_MP,-2.1534905655704666
IND_COGEN_GAS,CO2_A,0.4259433961339929
IND_COGEN_GAS,ELECTRICITY_HV,0.956
IND_COGEN_GAS,HEAT_HIGH_T,1.0
IND_COGEN_GAS,NG_MP,-2.1534905655704666
IND_COGEN_WASTE,CO2_A,0.6868909811067935
IND_COGEN_WASTE,ELECTRICITY_HV,0.444
IND_COGEN_WASTE,HEAT_HIGH_T,1.0
IND_COGEN_WASTE,WASTE,-2.2087869175387778
IND_COGEN_WASTE_CC,CO2_C,0.672
IND_COGEN_WASTE_CC,CO2_E,0.672
IND_COGEN_WASTE_CC,ELECTRICITY_HV,0.444
IND_COGEN_WASTE_CC,HEAT_HIGH_T,1.0
IND_COGEN_WASTE_CC,WASTE,-2.4
IND_COGEN_WOOD,CO2_A,0.733
IND_COGEN_WOOD,ELECTRICITY_HV,0.34
IND_COGEN_WOOD,HEAT_HIGH_T,1.0
IND_COGEN_WOOD,WOOD,-1.887
IND_DIRECT_ELEC,ELECTRICITY_HV,-1.0
IND_DIRECT_ELEC,HEAT_HIGH_T,1.0
IND_HP_ELEC,ELECTRICITY_MV,-0.2
IND_HP_ELEC,HEAT_HIGH_T,1.0
JETFUEL,JETFUEL,1.0
LCV_BIODIESEL_B100_MD,BIO_DIESEL,-1.0514514271039983
LCV_BIODIESEL_B100_MD,CO2_E,0.27793142818354094
LCV_BIODIESEL_B100_MD,MOB_FREIGHT_MD,1.0
LCV_BIODIESEL_B100_SD,BIO_DIESEL,-1.0514514271039983
LCV_BIODIESEL_B100_SD,CO2_E,0.27793142818354094
LCV_BIODIESEL_B100_SD,MOB_FREIGHT_SD,1.0
LCV_BIODIESEL_B20_MD,BIO_DIESEL,-0.21012285684960474
LCV_BIODIESEL_B20_MD,CO2_E,0.27793142818354094
LCV_BIODIESEL_B20_MD,DIESEL,-0.8413285702543933
LCV_BIODIESEL_B20_MD,MOB_FREIGHT_MD,1.0
LCV_BIODIESEL_B20_SD,BIO_DIESEL,-0.21012285684960474
LCV_BIODIESEL_B20_SD,CO2_E,0.27793142818354094
LCV_BIODIESEL_B20_SD,DIESEL,-0.8413285702543933
LCV_BIODIESEL_B20_SD,MOB_FREIGHT_SD,1.0
LCV_CNG_MD,CO2_E,0.2663571427929045
LCV_CNG_MD,MOB_FREIGHT_MD,1.0
LCV_CNG_MD,NG_HP,-1.5480999996266387
LCV_CNG_SD,CO2_E,0.2663571427929045
LCV_CNG_SD,MOB_FREIGHT_SD,1.0
LCV_CNG_SD,NG_HP,-1.5480999996266387
LCV_CSNG_MD,CO2_E,0.2663571427929045
LCV_CSNG_MD,MOB_FREIGHT_MD,1.0
LCV_CSNG_MD,SNG_HP,-1.5480999996266387
LCV_CSNG_SD,CO2_E,0.2663571427929045
LCV_CSNG_SD,MOB_FREIGHT_SD,1.0
LCV_CSNG_SD,SNG_HP,-1.5480999996266387
LCV_DIESEL_MD,CO2_E,0.27793142818354094
LCV_DIESEL_MD,DIESEL,-1.0514514271039983
LCV_DIESEL_MD,MOB_FREIGHT_MD,1.0
LCV_DIESEL_SD,CO2_E,0.27793142818354094
LCV_DIESEL_SD,DIESEL,-1.0514514271039983
LCV_DIESEL_SD,MOB_FREIGHT_SD,1.0
LCV_EV_MD,ELECTRICITY_MV,-0.4591785716014091
LCV_EV_MD,MOB_FREIGHT_MD,1.0
LCV_EV_SD,ELECTRICITY_MV,-0.4591785716014091
LCV_EV_SD,MOB_FREIGHT_SD,1.0
LCV_FC_H2_MD,H2_HP,-0.4556928572440679
LCV_FC_H2_MD,MOB_FREIGHT_MD,1.0
LCV_FC_H2_SD,H2_HP,-0.4556928572440679
LCV_FC_H2_SD,MOB_FREIGHT_SD,1.0
LCV_GASOLINE_MD,CO2_E,0.3465771423734516
LCV_GASOLINE_MD,GASOLINE,-1.2799914267850423
LCV_GASOLINE_MD,MOB_FREIGHT_MD,1.0
LCV_GASOLINE_SD,CO2_E,0.3465771423734516
LCV_GASOLINE_SD,GASOLINE,-1.2799914267850423
LCV_GASOLINE_SD,MOB_FREIGHT_SD,1.0
LCV_PHEV_DIESEL_MD,CO2_E,0.06278571419808907
LCV_PHEV_DIESEL_MD,DIESEL,-0.2377485710967639
LCV_PHEV_DIESEL_MD,ELECTRICITY_MV,-0.35855857156353516
LCV_PHEV_DIESEL_MD,MOB_FREIGHT_MD,1.0
LCV_PHEV_DIESEL_SD,CO2_E,0.06278571419808907
LCV_PHEV_DIESEL_SD,DIESEL,-0.2377485710967639
LCV_PHEV_DIESEL_SD,ELECTRICITY_MV,-0.35855857156353516
LCV_PHEV_DIESEL_SD,MOB_FREIGHT_SD,1.0
LCV_PROPANE_MD,CO2_E,0.3063942852866746
LCV_PROPANE_MD,MOB_FREIGHT_MD,1.0
LCV_PROPANE_MD,PROPANE,-1.367891426662367
LCV_PROPANE_SD,CO2_E,0.3063942852866746
LCV_PROPANE_SD,MOB_FREIGHT_SD,1.0
LCV_PROPANE_SD,PROPANE,-1.367891426662367
LFO,LFO,1.0
LNG,LNG,1.0
LT_DEC_WH,HEAT_LOW_T_DECEN,-1.0
LT_DEC_WH,HEAT_WASTE,1.0
LT_DHN_WH,HEAT_LOW_T_DHN,-1.0
LT_DHN_WH,HEAT_WASTE,1.0
METATHESIS_PROPYLENE,CO2_A,0.557
METATHESIS_PROPYLENE,ETHYLENE,1.0
METATHESIS_PROPYLENE,PROPYLENE,-3.226
METHANATION,CO2_C,-0.198
METHANATION,H2_MP,-1.282
METHANATION,SNG_MP,1.0
METHANE_TO_METHANOL,CO2_A,0.25
METHANE_TO_METHANOL,METHANOL,1.0
METHANE_TO_METHANOL,NG_MP,-1.3999999890127999
METHANOL,METHANOL,1.0
METHANOL_CARBONYLATION,ACETIC_ACID,1.0
METHANOL_CARBONYLATION,CO2_A,0.15
METHANOL_CARBONYLATION,METHANOL,-2.066
METHANOL_FT,CO2_C,-0.25
METHANOL_FT,ELECTRICITY_MV,-0.03
METHANOL_FT,METHANOL,1.0
METHANOL_FT,NG_MP,-1.08
METHANOL_TO_AROMATICS,BENZENE,1.0
METHANOL_TO_AROMATICS,CO2_A,13.186
METHANOL_TO_AROMATICS,ETHYLENE,5.33
METHANOL_TO_AROMATICS,METHANOL,-74.074
METHANOL_TO_AROMATICS,TOLUENE,6.296
METHANOL_TO_AROMATICS,XYLENE,10.37
METHANOL_TO_OLEFINS,CO2_A,25843.33
METHANOL_TO_OLEFINS,ETHYLENE,1.0
METHANOL_TO_OLEFINS,METHANOL,-2.891
METHANOL_TO_OLEFINS,PROPYLENE,1.643
MINES_STORAGE,CO2_C,-1.0
MINES_STORAGE,CO2_E,0.308
MINES_STORAGE,CO2_S,0.692
MINES_STORAGE,ELECTRICITY_MV,-0.0001
NEW_HYDRO_DAM,ELECTRICITY_EHV,1.0
NEW_HYDRO_DAM,RES_HYDRO,-1.0
NEW_HYDRO_RIVER,ELECTRICITY_EHV,1.0
NEW_HYDRO_RIVER,RES_HYDRO,-1.0
NEW_WIND_ONSHORE,ELECTRICITY_MV,1.0
NEW_WIND_ONSHORE,RES_WIND_ONSHORE,-1.0
NG_COMP_HE,ELECTRICITY_MV,-0.005
NG_COMP_HE,NG_EHP,1.0
NG_COMP_HE,NG_HP,-1.0
NG_COMP_LM,ELECTRICITY_MV,-0.02
NG_COMP_LM,NG_LP,-1.0
NG_COMP_LM,NG_MP,1.0
NG_COMP_MH,ELECTRICITY_MV,-0.004
NG_COMP_MH,NG_HP,1.0
NG_COMP_MH,NG_MP,-1.0
NG_EHP,NG_EHP,1.0
NG_EXP_EH,HEAT_LOW_T_DECEN,-0.001
NG_EXP_EH,NG_EHP,-1.0
NG_EXP_EH,NG_HP,1.0
NG_EXP_EH_COGEN,ELECTRICITY_MV,0.005
NG_EXP_EH_COGEN,HEAT_LOW_T_DECEN,-0.005
NG_EXP_EH_COGEN,NG_EHP,-1.0
NG_EXP_EH_COGEN,NG_HP,1.0
NG_EXP_HM,NG_HP,-1.0
NG_EXP_HM,NG_MP,1.0
NG_EXP_HM_COGEN,ELECTRICITY_MV,0.004
NG_EXP_HM_COGEN,HEAT_LOW_T_DECEN,-0.004
NG_EXP_HM_COGEN,NG_HP,-1.0
NG_EXP_HM_COGEN,NG_MP,1.0
NG_EXP_ML,NG_LP,1.0
NG_EXP_ML,NG_MP,-1.0
NG_EXP_ML_COGEN,ELECTRICITY_MV,0.02
NG_EXP_ML_COGEN,HEAT_LOW_T_DECEN,-0.02
NG_EXP_ML_COGEN,NG_LP,1.0
NG_EXP_ML_COGEN,NG_MP,-1.0
NG_HP,NG_HP,1.0
NG_LP,NG_LP,1.0
NG_MP,NG_MP,1.0
NG_PYROLYSIS_PLASMA,CO2_S,0.336
NG_PYROLYSIS_PLASMA,H2_MP,1.0
NG_PYROLYSIS_PLASMA,HEAT_HIGH_T,-0.356
NG_PYROLYSIS_PLASMA,HEAT_LOW_T_DHN,0.244
NG_PYROLYSIS_PLASMA,NG_MP,-1.867
NG_PYROLYSIS_THERMAL,CO2_S,0.342
NG_PYROLYSIS_THERMAL,H2_MP,1.0
NG_PYROLYSIS_THERMAL,HEAT_HIGH_T,-0.537
NG_PYROLYSIS_THERMAL,HEAT_LOW_T_DHN,0.39
NG_PYROLYSIS_THERMAL,NG_MP,-1.902
NG_REFORMING,CO2_A,0.27
NG_REFORMING,H2_MP,1.0
NG_REFORMING,NG_MP,-1.365
NG_S,NG_S,1.0
NG_STO,NG_EHP,-1.0
NG_STO,NG_S,1.0
NUCLEAR,CO2_A,0.011
NUCLEAR,ELECTRICITY_EHV,1.0
NUCLEAR,URANIUM,-2.295374653210239
OCGT_BIOGAS_LARGE,CO2_A,0.524
OCGT_BIOGAS_LARGE,ELECTRICITY_HV,1.0
OCGT_BIOGAS_LARGE,SNG_HP,-2.5
OCGT_BIOGAS_SMALL,CO2_A,0.524
OCGT_BIOGAS_SMALL,ELECTRICITY_HV,1.0
OCGT_BIOGAS_SMALL,SNG_HP,-2.5
OCGT_LARGE,CO2_A,0.524
OCGT_LARGE,ELECTRICITY_HV,1.0
OCGT_LARGE,NG_HP,-2.5
OCGT_SMALL,CO2_A,0.524
OCGT_SMALL,ELECTRICITY_HV,1.0
OCGT_SMALL,NG_HP,-2.5
OIL_TANKER_BIOMEOH_ELD,BIO_METHANOL,-0.1
OIL_TANKER_BIOMEOH_ELD,CO2_E,0.059598000000000005
OIL_TANKER_BIOMEOH_ELD,MOB_FREIGHT_ELD,1.0
OIL_TANKER_BIO_ELD,BIO_HFO,-0.1
OIL_TANKER_BIO_ELD,CO2_E,0.06622
OIL_TANKER_BIO_ELD,MOB_FREIGHT_ELD,1.0
OIL_TANKER_ELD,CO2_E,0.06622
OIL_TANKER_ELD,HFO,-0.1
OIL_TANKER_ELD,MOB_FREIGHT_ELD,1.0
OIL_TANKER_MEOH_ELD,CO2_E,0.059598000000000005
OIL_TANKER_MEOH_ELD,METHANOL,-0.1
OIL_TANKER_MEOH_ELD,MOB_FREIGHT_ELD,1.0
PAFC,ELECTRICITY_LV,1.647
PAFC,H2_HP,-2.941
PAFC,HEAT_LOW_T_DECEN,1.0
PAPER_MAKING,ELECTRICITY_EHV,-0.65
PAPER_MAKING,HEAT_HIGH_T,-2.22
PAPER_MAKING,PAPER,1.0
PAPER_MAKING_HP,ELECTRICITY_HV,-0.789
PAPER_MAKING_HP,HEAT_HIGH_T,-0.383
PAPER_MAKING_HP,PAPER,1.0
PAPER_MAKING_HR,ELECTRICITY_EHV,-1.104
PAPER_MAKING_HR,HEAT_HIGH_T,-0.383
PAPER_MAKING_HR,HEAT_WASTE,0.05
PAPER_MAKING_HR,PAPER,1.0
PE,PE,1.0
PEMFC,ELECTRICITY_LV,2.778
PEMFC,H2_HP,-4.444
PEMFC,HEAT_LOW_T_DECEN,1.0
PEM_ELECTROLYSIS,ELECTRICITY_HV,-1.3756962019651822
PEM_ELECTROLYSIS,H2_MP,1.0
PEM_ELECTROLYSIS,HEAT_LOW_T_DECEN,0.26
PET,PET,1.0
PET_FORMATION,ETHYLENE,-1.424
PET_FORMATION,PET,1.0
PHENOL,PHENOL,1.0
PLANE_FREIGHT_BIO_ELD,BIO_JETFUEL,-0.617
PLANE_FREIGHT_BIO_ELD,CO2_E,0.154
PLANE_FREIGHT_BIO_ELD,MOB_FREIGHT_ELD,1.0
PLANE_FREIGHT_ELD,CO2_E,0.154
PLANE_FREIGHT_ELD,JETFUEL,-0.617
PLANE_FREIGHT_ELD,MOB_FREIGHT_ELD,1.0
PLANE_LH_BIO_ELD,BIO_JETFUEL,-0.352
PLANE_LH_BIO_ELD,CO2_E,0.088
PLANE_LH_BIO_ELD,MOB_PUBLIC_ELD,1.0
PLANE_LH_ELD,CO2_E,0.088
PLANE_LH_ELD,JETFUEL,-0.352
PLANE_LH_ELD,MOB_PUBLIC_ELD,1.0
PLANE_SH_BIO_LD,BIO_JETFUEL,-0.352
PLANE_SH_BIO_LD,CO2_E,0.088
PLANE_SH_BIO_LD,MOB_PUBLIC_LD,1.0
PLANE_SH_LD,CO2_E,0.088
PLANE_SH_LD,JETFUEL,-0.352
PLANE_SH_LD,MOB_PUBLIC_LD,1.0
POLYPROPYLENE_PP,PP,1.0
POLYPROPYLENE_PP,PROPYLENE,-1.191
PP,PP,1.0
PROPANE,PROPANE,1.0
PROPYLENE,PROPYLENE,1.0
PS,PS,1.0
PVC,PVC,1.0
PVC_FORMATION,ETHYLENE,-1.511
PVC_FORMATION,PVC,1.0
PV_GROUND,ELECTRICITY_LV,1.0
PV_GROUND,RES_SOLAR,-1.0
PV_ROOF,ELECTRICITY_LV,1.0
PV_ROOF,RES_SOLAR,-1.0
PYROLYSIS,BIO_LFO,1.0
PYROLYSIS,CO2_A,0.31124276160049996
PYROLYSIS,ELECTRICITY_MV,0.024
PYROLYSIS,WOOD,-1.4518218258507793
RES_GEO,RES_GEO,1.0
RES_HYDRO,RES_HYDRO,1.0
RES_SOLAR,RES_SOLAR,1.0
RES_TIDAL,RES_TIDAL,1.0
RES_WIND_OFFSHORE,RES_WIND_OFFSHORE,1.0
RES_WIND_ONSHORE,RES_WIND_ONSHORE,1.0
SCHOOLBUS_BIODIESEL_B100_SD,BIO_DIESEL,-0.05190285713981685
SCHOOLBUS_BIODIESEL_B100_SD,CO2_E,0.015068571427688762
SCHOOLBUS_BIODIESEL_B100_SD,MOB_PUBLIC_SD,1.0
SCHOOLBUS_BIODIESEL_B20_SD,BIO_DIESEL,-0.010045714285125842
SCHOOLBUS_BIODIESEL_B20_SD,CO2_E,0.015068571427688762
SCHOOLBUS_BIODIESEL_B20_SD,DIESEL,-0.04185714285469101
SCHOOLBUS_BIODIESEL_B20_SD,MOB_PUBLIC_SD,1.0
SCHOOLBUS_BIOETOH_E10_SD,BIO_ETHANOL,-0.006697142847796167
SCHOOLBUS_BIOETOH_E10_SD,CO2_E,0.014231428551566856
SCHOOLBUS_BIOETOH_E10_SD,GASOLINE,-0.0560885713502929
SCHOOLBUS_BIOETOH_E10_SD,MOB_PUBLIC_SD,1.0
SCHOOLBUS_CNG_SD,CO2_E,0.012107142891094764
SCHOOLBUS_CNG_SD,MOB_PUBLIC_SD,1.0
SCHOOLBUS_CNG_SD,NG_HP,-0.059728571596067495
SCHOOLBUS_CSNG_SD,CO2_E,0.012107142891094764
SCHOOLBUS_CSNG_SD,MOB_PUBLIC_SD,1.0
SCHOOLBUS_CSNG_SD,SNG_HP,-0.059728571596067495
SCHOOLBUS_DIESEL_SD,CO2_E,0.015068571427688762
SCHOOLBUS_DIESEL_SD,DIESEL,-0.05190285713981685
SCHOOLBUS_DIESEL_SD,MOB_PUBLIC_SD,1.0
SCHOOLBUS_ETOH_E10_SD,CO2_E,0.014231428551566856
SCHOOLBUS_ETOH_E10_SD,ETHANOL,-0.006697142847796167
SCHOOLBUS_ETOH_E10_SD,GASOLINE,-0.0560885713502929
SCHOOLBUS_ETOH_E10_SD,MOB_PUBLIC_SD,1.0
SCHOOLBUS_EV_SD,ELECTRICITY_MV,-0.019165714292928383
SCHOOLBUS_EV_SD,MOB_PUBLIC_SD,1.0
SCHOOLBUS_GASOLINE_SD,CO2_E,0.015068571407541375
SCHOOLBUS_GASOLINE_SD,GASOLINE,-0.06278571419808907
SCHOOLBUS_GASOLINE_SD,MOB_PUBLIC_SD,1.0
SCHOOLBUS_HY_DIESEL_SD,CO2_E,0.00999142857175515
SCHOOLBUS_HY_DIESEL_SD,DIESEL,-0.0353542857154413
SCHOOLBUS_HY_DIESEL_SD,MOB_PUBLIC_SD,1.0
SCHOOLBUS_PROPANE_SD,CO2_E,0.015068571407541375
SCHOOLBUS_PROPANE_SD,MOB_PUBLIC_SD,1.0
SCHOOLBUS_PROPANE_SD,PROPANE,-0.06278571419808907
SEMI_LH_BIODIESEL_B100_ELD,BIO_DIESEL,-0.2737457139036683
SEMI_LH_BIODIESEL_B100_ELD,CO2_E,0.07199428561380879
SEMI_LH_BIODIESEL_B100_ELD,MOB_FREIGHT_ELD,1.0
SEMI_LH_BIODIESEL_B100_LD,BIO_DIESEL,-0.2737457139036683
SEMI_LH_BIODIESEL_B100_LD,CO2_E,0.07199428561380879
SEMI_LH_BIODIESEL_B100_LD,MOB_FREIGHT_LD,1.0
SEMI_LH_BIODIESEL_B20_ELD,BIO_DIESEL,-0.05441428563834386
SEMI_LH_BIODIESEL_B20_ELD,CO2_E,0.07199428561380879
SEMI_LH_BIODIESEL_B20_ELD,DIESEL,-0.21849428540934995
SEMI_LH_BIODIESEL_B20_ELD,MOB_FREIGHT_ELD,1.0
SEMI_LH_BIODIESEL_B20_LD,BIO_DIESEL,-0.05441428563834386
SEMI_LH_BIODIESEL_B20_LD,CO2_E,0.07199428561380879
SEMI_LH_BIODIESEL_B20_LD,DIESEL,-0.21849428540934995
SEMI_LH_BIODIESEL_B20_LD,MOB_FREIGHT_LD,1.0
SEMI_LH_CNG_ELD,CO2_E,0.058114285700270066
SEMI_LH_CNG_ELD,MOB_FREIGHT_ELD,1.0
SEMI_LH_CNG_ELD,NG_HP,-0.34061428563213847
SEMI_LH_CNG_LD,CO2_E,0.058114285700270066
SEMI_LH_CNG_LD,MOB_FREIGHT_LD,1.0
SEMI_LH_CNG_LD,NG_HP,-0.34061428563213847
SEMI_LH_CSNG_ELD,CO2_E,0.058114285700270066
SEMI_LH_CSNG_ELD,MOB_FREIGHT_ELD,1.0
SEMI_LH_CSNG_ELD,SNG_HP,-0.34061428563213847
SEMI_LH_CSNG_LD,CO2_E,0.058114285700270066
SEMI_LH_CSNG_LD,MOB_FREIGHT_LD,1.0
SEMI_LH_CSNG_LD,SNG_HP,-0.34061428563213847
SEMI_LH_DIESEL_ELD,CO2_E,0.0962714284370699
SEMI_LH_DIESEL_ELD,DIESEL,-0.3633199994929421
SEMI_LH_DIESEL_ELD,MOB_FREIGHT_ELD,1.0
SEMI_LH_DIESEL_LD,CO2_E,0.0962714284370699
SEMI_LH_DIESEL_LD,DIESEL,-0.3633199994929421
SEMI_LH_DIESEL_LD,MOB_FREIGHT_LD,1.0
SEMI_LH_EV_ELD,ELECTRICITY_MV,-0.3777242858564635
SEMI_LH_EV_ELD,MOB_FREIGHT_ELD,1.0
SEMI_LH_EV_LD,ELECTRICITY_MV,-0.3777242858564635
SEMI_LH_EV_LD,MOB_FREIGHT_LD,1.0
SEMI_LH_FC_H2_ELD,H2_HP,-0.2128885714758546
SEMI_LH_FC_H2_ELD,MOB_FREIGHT_ELD,1.0
SEMI_LH_FC_H2_LD,H2_HP,-0.2128885714758546
SEMI_LH_FC_H2_LD,MOB_FREIGHT_LD,1.0
SEMI_LH_HY_DIESEL_ELD,CO2_E,0.0678085713339362
SEMI_LH_HY_DIESEL_ELD,DIESEL,-0.2578399996401524
SEMI_LH_HY_DIESEL_ELD,MOB_FREIGHT_ELD,1.0
SEMI_LH_HY_DIESEL_LD,CO2_E,0.0678085713339362
SEMI_LH_HY_DIESEL_LD,DIESEL,-0.2578399996401524
SEMI_LH_HY_DIESEL_LD,MOB_FREIGHT_LD,1.0
SEMI_LH_PROPANE_ELD,CO2_E,0.07952857131757948
SEMI_LH_PROPANE_ELD,MOB_FREIGHT_ELD,1.0
SEMI_LH_PROPANE_ELD,PROPANE,-0.35578571378917134
SEMI_LH_PROPANE_LD,CO2_E,0.07952857131757948
SEMI_LH_PROPANE_LD,MOB_FREIGHT_LD,1.0
SEMI_LH_PROPANE_LD,PROPANE,-0.35578571378917134
SEMI_SH_BIODIESEL_B100_MD,BIO_DIESEL,-0.28630285674328615
SEMI_SH_BIODIESEL_B100_MD,CO2_E,0.07534285703770688
SEMI_SH_BIODIESEL_B100_MD,MOB_FREIGHT_MD,1.0
SEMI_SH_BIODIESEL_B20_MD,BIO_DIESEL,-0.05692571420626742
SEMI_SH_BIODIESEL_B20_MD,CO2_E,0.07534285703770688
SEMI_SH_BIODIESEL_B20_MD,DIESEL,-0.22853999968104421
SEMI_SH_BIODIESEL_B20_MD,MOB_FREIGHT_MD,1.0
SEMI_SH_CNG_MD,CO2_E,0.05972857141416646
SEMI_SH_CNG_MD,MOB_FREIGHT_MD,1.0
SEMI_SH_CNG_MD,NG_HP,-0.3462642856307758
SEMI_SH_CSNG_MD,CO2_E,0.05972857141416646
SEMI_SH_CSNG_MD,MOB_FREIGHT_MD,1.0
SEMI_SH_CSNG_MD,SNG_HP,-0.3462642856307758
SEMI_SH_DIESEL_MD,CO2_E,0.1004571427169425
SEMI_SH_DIESEL_MD,DIESEL,-0.37922571375645797
SEMI_SH_DIESEL_MD,MOB_FREIGHT_MD,1.0
SEMI_SH_EV_MD,ELECTRICITY_MV,-0.1852685714983077
SEMI_SH_EV_MD,MOB_FREIGHT_MD,1.0
SEMI_SH_FC_H2_MD,H2_HP,-0.2121928571899858
SEMI_SH_FC_H2_MD,MOB_FREIGHT_MD,1.0
SEMI_SH_HY_DIESEL_MD,CO2_E,0.06948285704588524
SEMI_SH_HY_DIESEL_MD,DIESEL,-0.2628628567759996
SEMI_SH_HY_DIESEL_MD,MOB_FREIGHT_MD,1.0
SEMI_SH_PROPANE_MD,CO2_E,0.07952857131757948
SEMI_SH_PROPANE_MD,MOB_FREIGHT_MD,1.0
SEMI_SH_PROPANE_MD,PROPANE,-0.35411142807722235
SMART_PROCESS,CO2_A,0.296
SMART_PROCESS,ETHYLBENZENE,-2.0
SMART_PROCESS,STYRENE,1.0
SMR,CO2_A,0.262
SMR,H2_HP,1.0
SMR,HEAT_HIGH_T,-0.6
SMR,NG_HP,-0.983
SMR_CCS,CO2_C,0.236
SMR_CCS,CO2_E,0.026
SMR_CCS,H2_HP,1.0
SMR_CCS,HEAT_HIGH_T,-1.183
SMR_CCS,NG_HP,-0.983
SNG_COMP_HE,ELECTRICITY_MV,-0.005
SNG_COMP_HE,SNG_EHP,1.0
SNG_COMP_HE,SNG_HP,-1.0
SNG_COMP_LM,ELECTRICITY_MV,-0.02
SNG_COMP_LM,SNG_LP,-1.0
SNG_COMP_LM,SNG_MP,1.0
SNG_COMP_MH,ELECTRICITY_MV,-0.004
SNG_COMP_MH,SNG_HP,1.0
SNG_COMP_MH,SNG_MP,-1.0
SNG_EHP,SNG_EHP,1.0
SNG_EXP_EH,HEAT_LOW_T_DECEN,-0.001
SNG_EXP_EH,SNG_EHP,-1.0
SNG_EXP_EH,SNG_HP,1.0
SNG_EXP_EH_COGEN,ELECTRICITY_MV,0.005
SNG_EXP_EH_COGEN,HEAT_LOW_T_DECEN,-0.005
SNG_EXP_EH_COGEN,SNG_EHP,-1.0
SNG_EXP_EH_COGEN,SNG_HP,1.0
SNG_EXP_HM,SNG_HP,-1.0
SNG_EXP_HM,SNG_MP,1.0
SNG_EXP_HM_COGEN,ELECTRICITY_MV,0.004
SNG_EXP_HM_COGEN,HEAT_LOW_T_DECEN,-0.004
SNG_EXP_HM_COGEN,SNG_HP,-1.0
SNG_EXP_HM_COGEN,SNG_MP,1.0
SNG_EXP_ML,SNG_LP,1.0
SNG_EXP_ML,SNG_MP,-1.0
SNG_EXP_ML_COGEN,ELECTRICITY_MV,0.02
SNG_EXP_ML_COGEN,HEAT_LOW_T_DECEN,-0.02
SNG_EXP_ML_COGEN,SNG_LP,1.0
SNG_EXP_ML_COGEN,SNG_MP,-1.0
SNG_PYROLYSIS_PLASMA,CO2_S,0.336
SNG_PYROLYSIS_PLASMA,H2_MP,1.0
SNG_PYROLYSIS_PLASMA,HEAT_HIGH_T,-0.356
SNG_PYROLYSIS_PLASMA,HEAT_LOW_T_DHN,0.244
SNG_PYROLYSIS_PLASMA,SNG_MP,-1.867
SNG_PYROLYSIS_THERMAL,CO2_S,0.342
SNG_PYROLYSIS_THERMAL,H2_MP,1.0
SNG_PYROLYSIS_THERMAL,HEAT_HIGH_T,-0.537
SNG_PYROLYSIS_THERMAL,HEAT_LOW_T_DHN,0.39
SNG_PYROLYSIS_THERMAL,SNG_MP,-1.902
SNG_REFORMING,CO2_A,0.27
SNG_REFORMING,H2_MP,1.0
SNG_REFORMING,SNG_MP,-1.365
SNG_S,SNG_S,1.0
SNG_STO,SNG_EHP,-1.0
SNG_STO,SNG_S,1.0
SOEC_ELECTROLYSIS,ELECTRICITY_HV,-1.20253164507446
SOEC_ELECTROLYSIS,H2_MP,1.0
SOFC,ELECTRICITY_LV,2.491
SOFC,H2_HP,-3.774
SOFC,HEAT_LOW_T_DECEN,1.0
STEEL_MAKING,ELECTRICITY_EHV,-0.716
STEEL_MAKING,HEAT_HIGH_T,-0.725
STEEL_MAKING,STEEL,1.0
STEEL_MAKING_HP,ELECTRICITY_MV,-0.609
STEEL_MAKING_HP,HEAT_HIGH_T,-0.66
STEEL_MAKING_HP,STEEL,1.0
STEEL_MAKING_HR,ELECTRICITY_HV,-0.716
STEEL_MAKING_HR,HEAT_HIGH_T,-0.66
STEEL_MAKING_HR,STEEL,1.0
STO_CO2,CO2_C,1.0
STO_CO2,CO2_CS,-1.0
STO_DIE,DIESEL,1.0
STO_DIE,DIESEL_S,-1.0
STO_ELEC,ELECTRICITY_LV,1.0
STO_ELEC,ELEC_S,-1.0
STO_GASO,GASOLINE,1.0
STO_GASO,GASOLINE_S,-1.0
STO_H2,H2_EHP,1.0
STO_H2,H2_S,-1.0
STO_NG,NG_EHP,1.0
STO_NG,NG_S,-1.0
STO_SNG,SNG_EHP,1.0
STO_SNG,SNG_S,-1.0
STYRENE,STYRENE,1.0
STYRENE_POLYMERIZATION,CO2_A,0.003
STYRENE_POLYMERIZATION,PS,1.0
STYRENE_POLYMERIZATION,STYRENE,-1.05
SUV_BIODIESEL_B100_ELD,BIO_DIESEL,-0.5885114283271912
SUV_BIODIESEL_B100_ELD,CO2_E,0.1439885713688149
SUV_BIODIESEL_B100_ELD,MOB_PRIVATE_ELD,1.0
SUV_BIODIESEL_B100_LD,BIO_DIESEL,-0.5885114283271912
SUV_BIODIESEL_B100_LD,CO2_E,0.1439885713688149
SUV_BIODIESEL_B100_LD,MOB_PRIVATE_LD,1.0
SUV_BIODIESEL_B100_MD,BIO_DIESEL,-0.5885114283271912
SUV_BIODIESEL_B100_MD,CO2_E,0.1439885713688149
SUV_BIODIESEL_B100_MD,MOB_PRIVATE_MD,1.0
SUV_BIODIESEL_B100_SD,BIO_DIESEL,-0.5885114283271912
SUV_BIODIESEL_B100_SD,CO2_E,0.1439885713688149
SUV_BIODIESEL_B100_SD,MOB_PRIVATE_SD,1.0
SUV_BIODIESEL_B20_ELD,BIO_DIESEL,-0.1180371428081564
SUV_BIODIESEL_B20_ELD,CO2_E,0.14315142851201948
SUV_BIODIESEL_B20_ELD,DIESEL,-0.4713114283758302
SUV_BIODIESEL_B20_ELD,MOB_PRIVATE_ELD,1.0
SUV_BIODIESEL_B20_LD,BIO_DIESEL,-0.1180371428081564
SUV_BIODIESEL_B20_LD,CO2_E,0.14315142851201948
SUV_BIODIESEL_B20_LD,DIESEL,-0.4713114283758302
SUV_BIODIESEL_B20_LD,MOB_PRIVATE_LD,1.0
SUV_BIODIESEL_B20_MD,BIO_DIESEL,-0.1180371428081564
SUV_BIODIESEL_B20_MD,CO2_E,0.14315142851201948
SUV_BIODIESEL_B20_MD,DIESEL,-0.4713114283758302
SUV_BIODIESEL_B20_MD,MOB_PRIVATE_MD,1.0
SUV_BIODIESEL_B20_SD,BIO_DIESEL,-0.1180371428081564
SUV_BIODIESEL_B20_SD,CO2_E,0.14315142851201948
SUV_BIODIESEL_B20_SD,DIESEL,-0.4713114283758302
SUV_BIODIESEL_B20_SD,MOB_PRIVATE_SD,1.0
SUV_BIOETOH_E10_ELD,BIO_ETHANOL,-0.07031999997081659
SUV_BIOETOH_E10_ELD,CO2_E,0.16491714278870082
SUV_BIOETOH_E10_ELD,GASOLINE,-0.636228571164531
SUV_BIOETOH_E10_ELD,MOB_PRIVATE_ELD,1.0
SUV_BIOETOH_E10_LD,BIO_ETHANOL,-0.07031999997081659
SUV_BIOETOH_E10_LD,CO2_E,0.16491714278870082
SUV_BIOETOH_E10_LD,GASOLINE,-0.636228571164531
SUV_BIOETOH_E10_LD,MOB_PRIVATE_LD,1.0
SUV_BIOETOH_E10_MD,BIO_ETHANOL,-0.07031999997081659
SUV_BIOETOH_E10_MD,CO2_E,0.16491714278870082
SUV_BIOETOH_E10_MD,GASOLINE,-0.636228571164531
SUV_BIOETOH_E10_MD,MOB_PRIVATE_MD,1.0
SUV_BIOETOH_E10_SD,BIO_ETHANOL,-0.07031999997081659
SUV_BIOETOH_E10_SD,CO2_E,0.16491714278870082
SUV_BIOETOH_E10_SD,GASOLINE,-0.636228571164531
SUV_BIOETOH_E10_SD,MOB_PRIVATE_SD,1.0
SUV_BIOETOH_E85_ELD,BIO_ETHANOL,-0.6010685711791227
SUV_BIOETOH_E85_ELD,CO2_E,0.1531971427935647
SUV_BIOETOH_E85_ELD,GASOLINE,-0.10631714281302032
SUV_BIOETOH_E85_ELD,MOB_PRIVATE_ELD,1.0
SUV_BIOETOH_E85_LD,BIO_ETHANOL,-0.6010685711791227
SUV_BIOETOH_E85_LD,CO2_E,0.1531971427935647
SUV_BIOETOH_E85_LD,GASOLINE,-0.10631714281302032
SUV_BIOETOH_E85_LD,MOB_PRIVATE_LD,1.0
SUV_BIOETOH_E85_MD,BIO_ETHANOL,-0.6010685711791227
SUV_BIOETOH_E85_MD,CO2_E,0.1531971427935647
SUV_BIOETOH_E85_MD,GASOLINE,-0.10631714281302032
SUV_BIOETOH_E85_MD,MOB_PRIVATE_MD,1.0
SUV_BIOETOH_E85_SD,BIO_ETHANOL,-0.6010685711791227
SUV_BIOETOH_E85_SD,CO2_E,0.1531971427935647
SUV_BIOETOH_E85_SD,GASOLINE,-0.10631714281302032
SUV_BIOETOH_E85_SD,MOB_PRIVATE_SD,1.0
SUV_CNG_ELD,CO2_E,0.12107142852421715
SUV_CNG_ELD,MOB_PRIVATE_ELD,1.0
SUV_CNG_ELD,NG_HP,-0.7167428568633656
SUV_CNG_LD,CO2_E,0.12107142852421715
SUV_CNG_LD,MOB_PRIVATE_LD,1.0
SUV_CNG_LD,NG_HP,-0.7167428568633656
SUV_CNG_MD,CO2_E,0.12107142852421715
SUV_CNG_MD,MOB_PRIVATE_MD,1.0
SUV_CNG_MD,NG_HP,-0.7167428568633656
SUV_CNG_SD,CO2_E,0.12107142852421715
SUV_CNG_SD,MOB_PRIVATE_SD,1.0
SUV_CNG_SD,NG_HP,-0.7167428568633656
SUV_CSNG_ELD,CO2_E,0.12107142852421715
SUV_CSNG_ELD,MOB_PRIVATE_ELD,1.0
SUV_CSNG_ELD,SNG_HP,-0.7167428568633656
SUV_CSNG_LD,CO2_E,0.12107142852421715
SUV_CSNG_LD,MOB_PRIVATE_LD,1.0
SUV_CSNG_LD,SNG_HP,-0.7167428568633656
SUV_CSNG_MD,CO2_E,0.12107142852421715
SUV_CSNG_MD,MOB_PRIVATE_MD,1.0
SUV_CSNG_MD,SNG_HP,-0.7167428568633656
SUV_CSNG_SD,CO2_E,0.12107142852421715
SUV_CSNG_SD,MOB_PRIVATE_SD,1.0
SUV_CSNG_SD,SNG_HP,-0.7167428568633656
SUV_DIESEL_ELD,CO2_E,0.11971142852174728
SUV_DIESEL_ELD,DIESEL,-0.4495457140991489
SUV_DIESEL_ELD,MOB_PRIVATE_ELD,1.0
SUV_DIESEL_LD,CO2_E,0.11971142852174728
SUV_DIESEL_LD,DIESEL,-0.4495457140991489
SUV_DIESEL_LD,MOB_PRIVATE_LD,1.0
SUV_DIESEL_MD,CO2_E,0.11971142852174728
SUV_DIESEL_MD,DIESEL,-0.4495457140991489
SUV_DIESEL_MD,MOB_PRIVATE_MD,1.0
SUV_DIESEL_SD,CO2_E,0.11971142852174728
SUV_DIESEL_SD,DIESEL,-0.4495457140991489
SUV_DIESEL_SD,MOB_PRIVATE_SD,1.0
SUV_ETOH_E10_ELD,CO2_E,0.16491714278870082
SUV_ETOH_E10_ELD,ETHANOL,-0.07031999997081659
SUV_ETOH_E10_ELD,GASOLINE,-0.636228571164531
SUV_ETOH_E10_ELD,MOB_PRIVATE_ELD,1.0
SUV_ETOH_E10_LD,CO2_E,0.16491714278870082
SUV_ETOH_E10_LD,ETHANOL,-0.07031999997081659
SUV_ETOH_E10_LD,GASOLINE,-0.636228571164531
SUV_ETOH_E10_LD,MOB_PRIVATE_LD,1.0
SUV_ETOH_E10_MD,CO2_E,0.16491714278870082
SUV_ETOH_E10_MD,ETHANOL,-0.07031999997081659
SUV_ETOH_E10_MD,GASOLINE,-0.636228571164531
SUV_ETOH_E10_MD,MOB_PRIVATE_MD,1.0
SUV_ETOH_E10_SD,CO2_E,0.16491714278870082
SUV_ETOH_E10_SD,ETHANOL,-0.07031999997081659
SUV_ETOH_E10_SD,GASOLINE,-0.636228571164531
SUV_ETOH_E10_SD,MOB_PRIVATE_SD,1.0
SUV_ETOH_E85_ELD,CO2_E,0.1531971427935647
SUV_ETOH_E85_ELD,ETHANOL,-0.6010685711791227
SUV_ETOH_E85_ELD,GASOLINE,-0.10631714281302032
SUV_ETOH_E85_ELD,MOB_PRIVATE_ELD,1.0
SUV_ETOH_E85_LD,CO2_E,0.1531971427935647
SUV_ETOH_E85_LD,ETHANOL,-0.6010685711791227
SUV_ETOH_E85_LD,GASOLINE,-0.10631714281302032
SUV_ETOH_E85_LD,MOB_PRIVATE_LD,1.0
SUV_ETOH_E85_MD,CO2_E,0.1531971427935647
SUV_ETOH_E85_MD,ETHANOL,-0.6010685711791227
SUV_ETOH_E85_MD,GASOLINE,-0.10631714281302032
SUV_ETOH_E85_MD,MOB_PRIVATE_MD,1.0
SUV_ETOH_E85_SD,CO2_E,0.1531971427935647
SUV_ETOH_E85_SD,ETHANOL,-0.6010685711791227
SUV_ETOH_E85_SD,GASOLINE,-0.10631714281302032
SUV_ETOH_E85_SD,MOB_PRIVATE_SD,1.0
SUV_EV_ELD,ELECTRICITY_MV,-0.2038139533763929
SUV_EV_ELD,MOB_PRIVATE_ELD,1.0
SUV_EV_LD,ELECTRICITY_MV,-0.2038139533763929
SUV_EV_LD,MOB_PRIVATE_LD,1.0
SUV_EV_MD,ELECTRICITY_MV,-0.2038139533763929
SUV_EV_MD,MOB_PRIVATE_MD,1.0
SUV_EV_SD,ELECTRICITY_MV,-0.2038139533763929
SUV_EV_SD,MOB_PRIVATE_SD,1.0
SUV_FC_H2_ELD,H2_HP,-0.29985074653458316
SUV_FC_H2_ELD,MOB_PRIVATE_ELD,1.0
SUV_FC_H2_LD,H2_HP,-0.29985074653458316
SUV_FC_H2_LD,MOB_PRIVATE_LD,1.0
SUV_FC_H2_MD,H2_HP,-0.29985074653458316
SUV_FC_H2_MD,MOB_PRIVATE_MD,1.0
SUV_FC_H2_SD,H2_HP,-0.29985074653458316
SUV_FC_H2_SD,MOB_PRIVATE_SD,1.0
SUV_GASOLINE_ELD,CO2_E,0.12349285730791987
SUV_GASOLINE_ELD,GASOLINE,-0.4560357148952596
SUV_GASOLINE_ELD,MOB_PRIVATE_ELD,1.0
SUV_GASOLINE_LD,CO2_E,0.12349285730791987
SUV_GASOLINE_LD,GASOLINE,-0.4560357148952596
SUV_GASOLINE_LD,MOB_PRIVATE_LD,1.0
SUV_GASOLINE_MD,CO2_E,0.12349285730791987
SUV_GASOLINE_MD,GASOLINE,-0.4560357148952596
SUV_GASOLINE_MD,MOB_PRIVATE_MD,1.0
SUV_GASOLINE_SD,CO2_E,0.12349285730791987
SUV_GASOLINE_SD,GASOLINE,-0.4560357148952596
SUV_GASOLINE_SD,MOB_PRIVATE_SD,1.0
SUV_HY_GASOLINE_ELD,CO2_E,0.11301428566738381
SUV_HY_GASOLINE_ELD,GASOLINE,-0.4771714283733982
SUV_HY_GASOLINE_ELD,MOB_PRIVATE_ELD,1.0
SUV_HY_GASOLINE_LD,CO2_E,0.11301428566738381
SUV_HY_GASOLINE_LD,GASOLINE,-0.4771714283733982
SUV_HY_GASOLINE_LD,MOB_PRIVATE_LD,1.0
SUV_HY_GASOLINE_MD,CO2_E,0.11301428566738381
SUV_HY_GASOLINE_MD,GASOLINE,-0.4771714283733982
SUV_HY_GASOLINE_MD,MOB_PRIVATE_MD,1.0
SUV_HY_GASOLINE_SD,CO2_E,0.11301428566738381
SUV_HY_GASOLINE_SD,GASOLINE,-0.4771714283733982
SUV_HY_GASOLINE_SD,MOB_PRIVATE_SD,1.0
SUV_PHEV_GASOLINE_ELD,CO2_E,0.06564000029636301
SUV_PHEV_GASOLINE_ELD,ELECTRICITY_MV,-0.141438571474732
SUV_PHEV_GASOLINE_ELD,GASOLINE,-0.27740714410962936
SUV_PHEV_GASOLINE_ELD,MOB_PRIVATE_ELD,1.0
SUV_PHEV_GASOLINE_LD,CO2_E,0.06564000029636301
SUV_PHEV_GASOLINE_LD,ELECTRICITY_MV,-0.141438571474732
SUV_PHEV_GASOLINE_LD,GASOLINE,-0.27740714410962936
SUV_PHEV_GASOLINE_LD,MOB_PRIVATE_LD,1.0
SUV_PHEV_GASOLINE_MD,CO2_E,0.06564000029636301
SUV_PHEV_GASOLINE_MD,ELECTRICITY_MV,-0.141438571474732
SUV_PHEV_GASOLINE_MD,GASOLINE,-0.27740714410962936
SUV_PHEV_GASOLINE_MD,MOB_PRIVATE_MD,1.0
SUV_PHEV_GASOLINE_SD,CO2_E,0.06564000029636301
SUV_PHEV_GASOLINE_SD,ELECTRICITY_MV,-0.141438571474732
SUV_PHEV_GASOLINE_SD,GASOLINE,-0.27740714410962936
SUV_PHEV_GASOLINE_SD,MOB_PRIVATE_SD,1.0
SUV_PROPANE_ELD,CO2_E,0.1481742856527921
SUV_PROPANE_ELD,MOB_PRIVATE_ELD,1.0
SUV_PROPANE_ELD,PROPANE,-0.707385713992143
SUV_PROPANE_LD,CO2_E,0.1481742856527921
SUV_PROPANE_LD,MOB_PRIVATE_LD,1.0
SUV_PROPANE_LD,PROPANE,-0.707385713992143
SUV_PROPANE_MD,CO2_E,0.1481742856527921
SUV_PROPANE_MD,MOB_PRIVATE_MD,1.0
SUV_PROPANE_MD,PROPANE,-0.707385713992143
SUV_PROPANE_SD,CO2_E,0.1481742856527921
SUV_PROPANE_SD,MOB_PRIVATE_SD,1.0
SUV_PROPANE_SD,PROPANE,-0.707385713992143
TIDAL,ELECTRICITY_MV,1.0
TIDAL,RES_TIDAL,-1.0
TOLUENE,TOLUENE,1.0
TRAFO_EH,ELECTRICITY_EHV,-1.018
TRAFO_EH,ELECTRICITY_HV,1.0
TRAFO_HE,ELECTRICITY_EHV,1.0
TRAFO_HE,ELECTRICITY_HV,-1.018
TRAFO_HM,ELECTRICITY_HV,-1.027
TRAFO_HM,ELECTRICITY_MV,1.0
TRAFO_LM,ELECTRICITY_LV,-1.045
TRAFO_LM,ELECTRICITY_MV,1.0
TRAFO_MH,ELECTRICITY_HV,1.0
TRAFO_MH,ELECTRICITY_MV,-1.027
TRAFO_ML,ELECTRICITY_LV,1.0
TRAFO_ML,ELECTRICITY_MV,-1.045
TRAIN_BIODIESEL_ELD,BIO_DIESEL,-0.8185357109350272
TRAIN_BIODIESEL_ELD,CO2_E,0.08145428538085149
TRAIN_BIODIESEL_ELD,MOB_PUBLIC_ELD,1.0
TRAIN_BIODIESEL_LD,BIO_DIESEL,-0.8185357109350272
TRAIN_BIODIESEL_LD,CO2_E,0.08145428538085149
TRAIN_BIODIESEL_LD,MOB_PUBLIC_LD,1.0
TRAIN_DIESEL_ELD,CO2_E,0.08145428538085149
TRAIN_DIESEL_ELD,DIESEL,-0.8185357109350272
TRAIN_DIESEL_ELD,MOB_PUBLIC_ELD,1.0
TRAIN_DIESEL_LD,CO2_E,0.08145428538085149
TRAIN_DIESEL_LD,DIESEL,-0.8185357109350272
TRAIN_DIESEL_LD,MOB_PUBLIC_LD,1.0
TRAIN_ELEC_ELD,ELECTRICITY_EHV,-0.07346857087204046
TRAIN_ELEC_ELD,MOB_PUBLIC_ELD,1.0
TRAIN_ELEC_LD,ELECTRICITY_EHV,-0.07346857087204046
TRAIN_ELEC_LD,MOB_PUBLIC_LD,1.0
TRAIN_FREIGHT_BIODIESEL_ELD,BIO_DIESEL,-0.040727142690425745
TRAIN_FREIGHT_BIODIESEL_ELD,CO2_E,0.0007985714253024656
TRAIN_FREIGHT_BIODIESEL_ELD,MOB_FREIGHT_ELD,1.0
TRAIN_FREIGHT_BIODIESEL_LD,BIO_DIESEL,-0.040727142690425745
TRAIN_FREIGHT_BIODIESEL_LD,CO2_E,0.0007985714253024656
TRAIN_FREIGHT_BIODIESEL_LD,MOB_FREIGHT_LD,1.0
TRAIN_FREIGHT_DIESEL_ELD,CO2_E,0.0007985714253024656
TRAIN_FREIGHT_DIESEL_ELD,DIESEL,-0.040727142690425745
TRAIN_FREIGHT_DIESEL_ELD,MOB_FREIGHT_ELD,1.0
TRAIN_FREIGHT_DIESEL_LD,CO2_E,0.0007985714253024656
TRAIN_FREIGHT_DIESEL_LD,DIESEL,-0.040727142690425745
TRAIN_FREIGHT_DIESEL_LD,MOB_FREIGHT_LD,1.0
TRAIN_FREIGHT_ELEC_ELD,ELECTRICITY_EHV,-0.05430285692056767
TRAIN_FREIGHT_ELEC_ELD,MOB_FREIGHT_ELD,1.0
TRAIN_FREIGHT_ELEC_LD,ELECTRICITY_EHV,-0.05430285692056767
TRAIN_FREIGHT_ELEC_LD,MOB_FREIGHT_LD,1.0
TRAIN_FREIGHT_H2_ELD,H2_EHP,-0.26592428462572104
TRAIN_FREIGHT_H2_ELD,MOB_FREIGHT_ELD,1.0
TRAIN_FREIGHT_H2_LD,H2_EHP,-0.26592428462572104
TRAIN_FREIGHT_H2_LD,MOB_FREIGHT_LD,1.0
TRAIN_FREIGHT_NG_ELD,CO2_E,0.04551857124224054
TRAIN_FREIGHT_NG_ELD,MOB_FREIGHT_ELD,1.0
TRAIN_FREIGHT_NG_ELD,NG_HP,-0.20044142775091886
TRAIN_FREIGHT_NG_LD,CO2_E,0.04551857124224054
TRAIN_FREIGHT_NG_LD,MOB_FREIGHT_LD,1.0
TRAIN_FREIGHT_NG_LD,NG_HP,-0.20044142775091886
TRAIN_FREIGHT_SNG_ELD,CO2_E,0.04551857124224054
TRAIN_FREIGHT_SNG_ELD,MOB_FREIGHT_ELD,1.0
TRAIN_FREIGHT_SNG_ELD,SNG_HP,-0.20044142775091886
TRAIN_FREIGHT_SNG_LD,CO2_E,0.04551857124224054
TRAIN_FREIGHT_SNG_LD,MOB_FREIGHT_LD,1.0
TRAIN_FREIGHT_SNG_LD,SNG_HP,-0.20044142775091886
TRAIN_H2_ELD,H2_EHP,-0.24915428469436926
TRAIN_H2_ELD,MOB_PUBLIC_ELD,1.0
TRAIN_H2_LD,H2_EHP,-0.24915428469436926
TRAIN_H2_LD,MOB_PUBLIC_LD,1.0
TRAIN_NG_ELD,CO2_E,0.060691428322987385
TRAIN_NG_ELD,MOB_PUBLIC_ELD,1.0
TRAIN_NG_ELD,NG_HP,-0.1900599992219868
TRAIN_NG_LD,CO2_E,0.060691428322987385
TRAIN_NG_LD,MOB_PUBLIC_LD,1.0
TRAIN_NG_LD,NG_HP,-0.1900599992219868
TRAIN_SNG_ELD,CO2_E,0.060691428322987385
TRAIN_SNG_ELD,MOB_PUBLIC_ELD,1.0
TRAIN_SNG_ELD,SNG_HP,-0.1900599992219868
TRAIN_SNG_LD,CO2_E,0.060691428322987385
TRAIN_SNG_LD,MOB_PUBLIC_LD,1.0
TRAIN_SNG_LD,SNG_HP,-0.1900599992219868
TRAMWAY_SD,ELECTRICITY_HV,-0.13416000013298784
TRAMWAY_SD,MOB_PUBLIC_SD,1.0
TRUCK_LH_BIODIESEL_B100_LD,BIO_DIESEL,-0.39010857088412676
TRUCK_LH_BIODIESEL_B100_LD,CO2_E,0.10296857128486607
TRUCK_LH_BIODIESEL_B100_LD,MOB_FREIGHT_LD,1.0
TRUCK_LH_BIODIESEL_B20_LD,BIO_DIESEL,-0.07785428560563044
TRUCK_LH_BIODIESEL_B20_LD,CO2_E,0.10296857128486607
TRUCK_LH_BIODIESEL_B20_LD,DIESEL,-0.3114171424225218
TRUCK_LH_BIODIESEL_B20_LD,MOB_FREIGHT_LD,1.0
TRUCK_LH_CNG_LD,CO2_E,0.0887857142643015
TRUCK_LH_CNG_LD,MOB_FREIGHT_LD,1.0
TRUCK_LH_CNG_LD,NG_HP,-0.47459999988553886
TRUCK_LH_CSNG_LD,CO2_E,0.0887857142643015
TRUCK_LH_CSNG_LD,MOB_FREIGHT_LD,1.0
TRUCK_LH_CSNG_LD,SNG_HP,-0.47459999988553886
TRUCK_LH_DIESEL_LD,CO2_E,0.10882857127668771
TRUCK_LH_DIESEL_LD,DIESEL,-0.41522285656336233
TRUCK_LH_DIESEL_LD,MOB_FREIGHT_LD,1.0
TRUCK_LH_EV_LD,ELECTRICITY_MV,-0.8624571431817772
TRUCK_LH_EV_LD,MOB_FREIGHT_LD,1.0
TRUCK_LH_GASOLINE_LD,CO2_E,0.12808285696410168
TRUCK_LH_GASOLINE_LD,GASOLINE,-0.4738228564815788
TRUCK_LH_GASOLINE_LD,MOB_FREIGHT_LD,1.0
TRUCK_LH_HY_DIESEL_LD,CO2_E,0.09041142844524826
TRUCK_LH_HY_DIESEL_LD,DIESEL,-0.34322857094955356
TRUCK_LH_HY_DIESEL_LD,MOB_FREIGHT_LD,1.0
TRUCK_LH_PROPANE_LD,CO2_E,0.11385142841253484
TRUCK_LH_PROPANE_LD,MOB_FREIGHT_LD,1.0
TRUCK_LH_PROPANE_LD,PROPANE,-0.5073085707205597
TRUCK_SH_BIODIESEL_B100_MD,BIO_DIESEL,-0.40015428515582097
TRUCK_SH_BIODIESEL_B100_MD,CO2_E,0.10547999985278964
TRUCK_SH_BIODIESEL_B100_MD,MOB_FREIGHT_MD,1.0
TRUCK_SH_BIODIESEL_B100_SD,BIO_DIESEL,-0.40015428515582097
TRUCK_SH_BIODIESEL_B100_SD,CO2_E,0.10547999985278964
TRUCK_SH_BIODIESEL_B100_SD,MOB_FREIGHT_SD,1.0
TRUCK_SH_BIODIESEL_B20_MD,BIO_DIESEL,-0.08036571417355401
TRUCK_SH_BIODIESEL_B20_MD,CO2_E,0.10547999985278964
TRUCK_SH_BIODIESEL_B20_MD,DIESEL,-0.3206257138382415
TRUCK_SH_BIODIESEL_B20_MD,MOB_FREIGHT_MD,1.0
TRUCK_SH_BIODIESEL_B20_SD,BIO_DIESEL,-0.08036571417355401
TRUCK_SH_BIODIESEL_B20_SD,CO2_E,0.10547999985278964
TRUCK_SH_BIODIESEL_B20_SD,DIESEL,-0.3206257138382415
TRUCK_SH_BIODIESEL_B20_SD,MOB_FREIGHT_SD,1.0
TRUCK_SH_CNG_MD,CO2_E,0.08474999997956052
TRUCK_SH_CNG_MD,MOB_FREIGHT_MD,1.0
TRUCK_SH_CNG_MD,NG_HP,-0.4907428570245028
TRUCK_SH_CNG_SD,CO2_E,0.08474999997956052
TRUCK_SH_CNG_SD,MOB_FREIGHT_SD,1.0
TRUCK_SH_CNG_SD,NG_HP,-0.4907428570245028
TRUCK_SH_CSNG_MD,CO2_E,0.08474999997956052
TRUCK_SH_CSNG_MD,MOB_FREIGHT_MD,1.0
TRUCK_SH_CSNG_MD,SNG_HP,-0.4907428570245028
TRUCK_SH_CSNG_SD,CO2_E,0.08474999997956052
TRUCK_SH_CSNG_SD,MOB_FREIGHT_SD,1.0
TRUCK_SH_CSNG_SD,SNG_HP,-0.4907428570245028
TRUCK_SH_DIESEL_MD,CO2_E,0.10547999985278964
TRUCK_SH_DIESEL_MD,DIESEL,-0.40015428515582097
TRUCK_SH_DIESEL_MD,MOB_FREIGHT_MD,1.0
TRUCK_SH_DIESEL_SD,CO2_E,0.10547999985278964
TRUCK_SH_DIESEL_SD,DIESEL,-0.40015428515582097
TRUCK_SH_DIESEL_SD,MOB_FREIGHT_SD,1.0
TRUCK_SH_EV_MD,ELECTRICITY_MV,-0.3050542858291101
TRUCK_SH_EV_MD,MOB_FREIGHT_MD,1.0
TRUCK_SH_EV_SD,ELECTRICITY_MV,-0.3050542858291101
TRUCK_SH_EV_SD,MOB_FREIGHT_SD,1.0
TRUCK_SH_GASOLINE_MD,CO2_E,0.1322685712439743
TRUCK_SH_GASOLINE_MD,GASOLINE,-0.4872171421771711
TRUCK_SH_GASOLINE_MD,MOB_FREIGHT_MD,1.0
TRUCK_SH_GASOLINE_SD,CO2_E,0.1322685712439743
TRUCK_SH_GASOLINE_SD,GASOLINE,-0.4872171421771711
TRUCK_SH_GASOLINE_SD,MOB_FREIGHT_SD,1.0
TRUCK_SH_HY_DIESEL_MD,CO2_E,0.09375999986914633
TRUCK_SH_HY_DIESEL_MD,DIESEL,-0.3549485709331968
TRUCK_SH_HY_DIESEL_MD,MOB_FREIGHT_MD,1.0
TRUCK_SH_HY_DIESEL_SD,CO2_E,0.09375999986914633
TRUCK_SH_HY_DIESEL_SD,DIESEL,-0.3549485709331968
TRUCK_SH_HY_DIESEL_SD,MOB_FREIGHT_SD,1.0
TRUCK_SH_PROPANE_MD,CO2_E,0.11636285698045841
TRUCK_SH_PROPANE_MD,MOB_FREIGHT_MD,1.0
TRUCK_SH_PROPANE_MD,PROPANE,-0.520702856416152
TRUCK_SH_PROPANE_SD,CO2_E,0.11636285698045841
TRUCK_SH_PROPANE_SD,MOB_FREIGHT_SD,1.0
TRUCK_SH_PROPANE_SD,PROPANE,-0.520702856416152
UNMINEABLE_COAL_SEAM,CO2_C,-1.0
UNMINEABLE_COAL_SEAM,CO2_E,0.05
UNMINEABLE_COAL_SEAM,CO2_S,0.95
UNMINEABLE_COAL_SEAM,ELECTRICITY_MV,-0.0001
URANIUM,URANIUM,1.0
WIND_OFFSHORE,ELECTRICITY_MV,1.0
WIND_OFFSHORE,RES_WIND_OFFSHORE,-1.0
WIND_ONSHORE,ELECTRICITY_MV,1.0
WIND_ONSHORE,RES_WIND_ONSHORE,-1.0
WOOD_METHANOL,BIO_METHANOL,1.0
WOOD_METHANOL,CO2_A,0.5412917594231924
WOOD_METHANOL,ELECTRICITY_MV,2.636
WOOD_METHANOL,H2_MP,-4.546
WOOD_METHANOL,HEAT_LOW_T_DECEN,1.0
WOOD_METHANOL,WOOD,-2.0134120265687674
XYLENE,XYLENE,1.0
