Programming name,Short name,Long name,Category,Subcategory,Set,Unit_ref,,
ACETIC_ACID,Acetic acid,Acetic acid,Resource,Resource,,kWh,,
ACETONE,Acetone,Acetone,Resource,Resource,,kWh,,
AEC_OG,Alkaline Electrolysis OG,Alkaline Electrolysis Off-Grid,Hydrogen Production,Hydrogen,,kW,,
AFC,Alkaline FC,Alkaline Fuel Cell,Electricity Production,Hydrogen,,kW,,
AFC_OG,Alkaline FC OG,Alkaline Fuel Cell Off-Grid,Electricity Production,Hydrogen,,kW,,
AL_MAKING,AL Making,Aluminum Making,Specific sectors,Aluminum,,kt/h,,
AL_MAKING_HR,Al Making HR,Aluminum Making Heat Recovery,Specific sectors,Aluminum,,kt/h,,
ALKALINE_ELECTROLYSIS,Alkaline Electrolysis,Alkaline Electrolysis,Bioprocesses,Hydrogen,,kW,,
ALUMINUM,Aluminium,Aluminium,Flow,Flow,,kt,,
AN_DIG,An. Dig.,Anaerobic Digestion of Sewage Sludge,Bioprocesses,Biomass,,kW,,
AN_DIG_SI,Anaerobig Dig. SI,Anaerobic Digestion of Sewage Sludge Cogeneration,Bioprocesses,Biomass,,kW,,
ATR,Auto-Thermal Reforming,Auto-Thermal Reforming,Hydrogen Production,Hydrogen,,kW,,
ATR_CCS,Auto-Thermal Reforming CC,Auto-Thermal Reforming with Carbon Capture,Hydrogen Production,Hydrogen,,kW,,
BATTERY,Battery,Battery Energy Storage,Infrastructure Storage,Electricity,,GWh,,
BENZENE,Benzene,Benzene,Resource,Resource,,kWh,,
BIO_DIESEL,Bio-diesel,Bio-diesel,Resource,Resource,,kWh,,
BIO_ETHANOL,Bio-ethanol,Bio-ethanol,Resource,Resource,,kWh,,
BIOETHANOL_TO_BIOJETFUELS,BioEthanol to Jetfuels,Conversion of BioEthanol to Jet Fuels,Bioprocesses,Chemical,,kW,,
BIOGAS_ATR,Biogas Auto-Thermal Reforming,Biogas Auto-Thermal Reforming,Hydrogen Production,Hydrogen,,kW,,
BIOGAS_ATR_CCS,Biogas Auto-Thermal Reforming CC,Biogas Auto-Thermal Reforming with Carbon Capture,Hydrogen Production,Hydrogen,,kW,,
BIOGAS_BIOMETHANE,Biomass to Biomethane,Biomass to Biomethane,Bioprocesses,Synfuel,,kW,,
BIOGAS_SMR,Biogas Steam Methane Reforming,Biogas Steam Methane Reforming,Hydrogen Production,Hydrogen,,kW,,
BIOGAS_SMR_CCS,Biogas Steam Methane Reforming CC,Biogas Steam Methane Reforming with Carbon Capture,Hydrogen Production,Hydrogen,,kW,,
BIOMASS_GAS_EF_H2,Biomass Gasification EF H2,Hydrogen from Biomass Gasification Entrained Flow ,Hydrogen Production,Hydrogen,,kW,,
BIOMASS_GAS_EF_H2_CCS,Biomass Gasification EF H2,Hydrogen from Biomass Gasification Entrained Flow with Carbon Capture,Hydrogen Production,Hydrogen,,kW,,
BIOMASS_GAS_FB_H2,Biomass Gasification FB H2,Hydrogen from Biomass Gasification Fuidized Bed ,Hydrogen Production,Hydrogen,,kW,,
BIOMASS_GAS_FB_H2_CCS,Biomass Gasification FB H2,Hydrogen from Biomass Gasification Fuidized Bed with Carbon Capture,Hydrogen Production,Hydrogen,,kW,,
BIOMETHANE_TO_BIOMETHANOL,BioMethane to Methanol,Conversion of BioMethane to Methanol,Specific sectors,Chemical,,kt/h,,
BIOMETHANOL_CARBONYLATION,BioMethanol Cabonylation,BioMethanol Cabonylation Process,Specific sectors,Chemical,,kt/h,,
BIOMETHANOL_FT,BioMethanol Fischer-Tropsch,BioMethanol Synthesis via Fischer-Tropsch Process,Specific sectors,Chemical,,kt/h,,
BIOMETHANOL_TO_AROMATICS,BioMethanol to Aromatics,Conversion of BioMethanol to Aromatic Compounds,Bioprocesses,Chemical,,kW,,
BIOMETHANOL_TO_OLEFINS,BioMethanol to Olefins,Conversion of BioMethanol to Olefinic Compounds,Bioprocesses,Chemical,,kW,,
BUS_BIODIESEL_B100,Bus BioDiesel,100% BioDiesel-Powered Bus,Public Mobility,Road,CA,pkm/h,,
BUS_BIODIESEL_B20,Bus BioDiesel 20%,20% BioDiesel-Powered Bus,Public Mobility,Road,,pkm/h,,
BUS_CNG,Bus CNG,Compressed Natural Gas-Powered Bus,Public Mobility,Road,,pkm/h,,
BUS_CNG_STOICH,Bus comp. NG,Compressed Natural Gas-Powered Bus ,Public Mobility,Road,,pkm/h,,
BUS_COACH_CNG_STOICH,Bus comp. NG,Compressed Natural Gas-Powered Bus ,Public Mobility,Road,,pkm/h,,
BUS_COACH_DIESEL,Bus Diesel,Diesel-Powered Bus,Public Mobility,Road,,pkm/h,,
BUS_COACH_ELEC,Bus Elec.,Battery Electric Bus,Public Mobility,Road,,pkm/h,,
BUS_COACH_FC_HYBRIDH2,Bus H2 FC,Hydrogen Fuel Cell Bus,Public Mobility,Road,CA,pkm/h,,
BUS_COACH_HYDIESEL,Bus Hybrid Diesel,Diesel Hybrid Bus,Public Mobility,Road,CA,pkm/h,,
BUS_CSNG,Bus CNG,Compressed Synthetic Natural Gas-Powered Bus,Public Mobility,Road,,pkm/h,,
BUS_DIESEL,Bus Diesel,Diesel-Powered Bus,Public Mobility,Road,,pkm/h,,
BUS_EV,Bus Electric,Electric-Powered Bus,Public Mobility,Road,,pkm/h,,
BUS_FC_CH4,Bus Methane FC,Methane Fuel Cell-Powered Bus,Public Mobility,Road,CA,pkm/h,,
BUS_FC_H2,Bus Hydrogen FC,Hydrogen Fuel Cell-Powered Bus,Public Mobility,Road,,pkm/h,,
BUS_FC_HYBRID_CH4,Bus Methane Fuel Cell,Fuel Cell Bus with Methane Hybridization,Public Mobility,Road,CA,pkm/h,,
BUS_FC_HYBRID_H2,Bus Hydrogen Fuel Cell,Fuel Cell Bus with Hydrogen Hybridization,Public Mobility,Road,,pkm/h,,
BUS_GASOLINE,Bus Gasoline,Gasoline-Powered Bus,Public Mobility,Road,CA,pkm/h,,
BUS_HY_DIESEL,Bus Hybrid Diesel,Diesel Hybrid Bus,Public Mobility,Road,,pkm/h,,
BUS_PROPANE,Bus Propane,Propane-Powered Bus,Public Mobility,Road,CA,pkm/h,,
CAR_BEV,Car BEV,Battery Electric Car,Private Mobility,Car,,pkm/h,,
CAR_BEV_LOWRANGE,Car BEV LR,Battery Electric Car with Low Range,Private Mobility,Car,,pkm/h,,
CAR_BEV_MEDRANGE,Car BEV MR,Battery Electric Car with Medium Range,Private Mobility,Car,,pkm/h,,
CAR_BEV_MEDRANGE_LOCAL,Car BEV MR LO,Battery Electric Car with Medium Range for Local Use,Private Mobility,Car,CA,pkm/h,,
CAR_BEV_MEDRANGE_LONGD,Car BEV MR LD,Battery Electric Car with Medium Range for Long Distances,Private Mobility,Car,CA,pkm/h,,
CAR_BIODIESEL_B100,Car BioDiesel,100% BioDiesel-Powered Car,Private Mobility,Car,CA,pkm/h,,
CAR_BIODIESEL_B20,Car BioDiesel 20%,20% BioDiesel-Powered Car,Private Mobility,Car,,pkm/h,,
CAR_BIOETOH_E10,Car BioEthanol E10,BioEthanol-Powered Car (E10 Blend),Private Mobility,Car,,pkm/h,,
CAR_BIOETOH_E85,Car BioEthanol E85,BioEthanol-Powered Car with E85 Blend,Private Mobility,Car,CA,pkm/h,,
CAR_BIOMEOH,Car Biomethanol,Biomethanol-Powered Car ,Private Mobility,Car,,pkm/h,,
CAR_CNG,Car CNG,Compressed Natural Gas-Powered Car,Private Mobility,Car,,pkm/h,,
CAR_CSNG,Car CSNG,Compressed Synthetic Natural Gas-Powered Car,Private Mobility,Car,CA,pkm/h,,
CAR_DIESEL,Car Diesel,Diesel-Powered Car,Private Mobility,Car,,pkm/h,,
CAR_DIESEL_LOCAL,Car Diesel Local,Diesel-Powered Car for Local Use,Private Mobility,Car,,pkm/h,,
CAR_DIESEL_LONGD,Car Diesel LD,Diesel-Powered Car for Long Distances,Private Mobility,Car,,pkm/h,,
CAR_ETOH_E10,Car Ethanol E10,Ethanol-Powered Car (E10 Blend),Private Mobility,Car,,pkm/h,,
CAR_ETOH_E10_LOCAL,Car Ethanol E10 Local,Ethanol-Powered Car (E10 Blend) for Local Use,Private Mobility,Car,,pkm/h,,
CAR_ETOH_E10_LONGD,Car Ethanol E10 LD,Ethanol-Powered Car (E10 Blend) for Long Distances,Private Mobility,Car,,pkm/h,,
CAR_ETOH_E85,Car Ethanol E85,Ethanol-Powered Car with E85 Blend,Private Mobility,Car,CA,pkm/h,,
CAR_ETOH_E85_LOCAL,Car Ethanol E85  Local,Ethanol-Powered Car with E85 Blend for Local Use,Private Mobility,Car,,pkm/h,,
CAR_ETOH_E85_LONGD,Car Ethanol E85  LD,Ethanol-Powered Car with E85 Blend for Long Distances,Private Mobility,Car,,pkm/h,,
CAR_EV,Car Electric,Electric-Powered Car,Private Mobility,Car,,pkm/h,,
CAR_FC_CH4,Car Fuel Cell CH4,Fuel Cell-Powered Car with Methane,Private Mobility,Car,,pkm/h,,
CAR_FC_CH4_LOCAL,Car Fuel Cell CH4 Local,Fuel Cell-Powered Car with Methane for Local Use,Private Mobility,Car,,pkm/h,,
CAR_FC_CH4_LONGD,Car Fuel Cell CH4 LD,Fuel Cell-Powered Car with Methane for Long Distances,Private Mobility,Car,,pkm/h,,
CAR_FC_H2,Car Fuel Cell H2,Fuel Cell-Powered Car with Hydrogen,Private Mobility,Car,,pkm/h,,
CAR_FC_H2_LOCAL,Car Fuel Cell H2 Local,Fuel Cell-Powered Car with Hydrogen for Local Use,Private Mobility,Car,,pkm/h,,
CAR_FC_H2_LONGD,Car Fuel Cell H2 LD,Fuel Cell-Powered Car with Hydrogen for Long Distances,Private Mobility,Car,,pkm/h,,
CAR_FUEL_CELL,Car FC,Fuel Cell-Powered Car,Private Mobility,Car,,pkm/h,,
CAR_GASOLINE,Car Gasoline,Gasoline-Powered Car,Private Mobility,Car,,pkm/h,,
CAR_GASOLINE_LOCAL,Car Gasoline Local,Gasoline-Powered Car for Local Use,Private Mobility,Car,,pkm/h,,
CAR_GASOLINE_LONGD,Car Gasoline LD,Gasoline-Powered Car for Long Distances,Private Mobility,Car,,pkm/h,,
CAR_HEV,Car HEV,Hybrid Electric Car,Private Mobility,Car,,pkm/h,,
CAR_HEV_LOCAL,Car Hybrid Electric Local,Hybrid Electric Car for Local Use,Private Mobility,Car,,pkm/h,,
CAR_HEV_LONGD,Car Hybrid Electric Car LD,Hybrid Electric Car for Long Distances,Private Mobility,Car,CA,pkm/h,,
CAR_HY_GASOLINE,Car Hybrid Gasoline,Gasoline Hybrid Car,Private Mobility,Car,,pkm/h,,
CAR_MEOH,Car Methanol,Methanol-Powered Car ,Private Mobility,Car,,pkm/h,,
CAR_MEOH_LOCAL,Car Methanol Local,Methanol-Powered Car for Local Use,Private Mobility,Car,,pkm/h,,
CAR_MEOH_LONGD,Car Methanol  LD,Methanol-Powered Car for Long Distances,Private Mobility,Car,,pkm/h,,
CAR_NG,Car NG,Natural Gas-Powered Car,Private Mobility,Car,CA,pkm/h,,
CAR_NG_LOCAL,Car Natural Gas  Local,Natural Gas-Powered Car for Local Use,Private Mobility,Car,,pkm/h,,
CAR_NG_LONGD,Car Natural Gas LD,Natural Gas-Powered Car for Long Distances,Private Mobility,Car,,pkm/h,,
CAR_PHEV,Car PHEV,Plug-in Hybrid Electric Car,Private Mobility,Car,,pkm/h,,
CAR_PHEV_GASOLINE,Car PHEV Gasoline,Plug-in Hybrid Gasoline-Powered Car,Private Mobility,Car,,pkm/h,,
CAR_PHEV_LOCAL,Car PHEV Local,Plug-in Hybrid Electric Car for Local Use,Private Mobility,Car,CA,pkm/h,,
CAR_PHEV_LONGD,Car PHEV LD,Plug-in Hybrid Electric Car for Long Distances,Private Mobility,Car,CA,pkm/h,,
CAR_PROPANE,Car Propane,Propane-Powered Car,Private Mobility,Car,CA,pkm/h,,
CARBON_CAPTURE,Carbon Capture,Post-Combustion Carbon Capture,CCUS,Capture,,ktCO2_eq/h,,
CCGT,CCGT,Combined Cycle Gas Turbine,Electricity Production,Thermal,,kW,,
CCGT_BIOGAS,CCGT BioGas,Combined Cycle BioGas Turbine,Electricity Production,Thermal,,kW,,
CCGT_BIOGAS_CC,CCGT BioGas CC,Combined Cycle BioGas Turbine with Carbon Capture,Electricity Production,Thermal,,kW,,
CCGT_CC,CCGT CC,Combined Cycle Gas Turbine with Carbon Capture,Electricity Production,Thermal,,kW,,
CEMENT,Cement,Cement,Flow,Flow,,kt,,
CEMENT_PROD,Cement Prod.,Cement Production,Specific sectors,Cement,,kt/h,,
CEMENT_PROD_HP,Cement Prod. HP,Cement Production with Heat Pump,Specific sectors,Cement,,kt/h,,
CEMENT_PROD_ORC,Cement Prod. ORC,Cement Production with Organic Rankine Cycle,Specific sectors,Cement,,kt/h,,
CO2_C,Carbon dioxide,Carbon dioxide,Flow,Flow,,kt,,
CO2_METHANOL,CO2 to Methanol,Conversion of CO2 to Methanol,Bioprocesses,Synfuel,,kW,,
CO2_STO,CO2 Storage (input),CO2 Storage (input),CCUS,Storage,,ktCO2_eq/h,,
CO2_TO_DIESEL,CO2 to Diesel,Conversion of CO2 to Diesel,Bioprocesses,Synfuel,,kW,,
CO2_TO_JETFUELS,CO2 to Jetfuels,Conversion of CO2 to Jet Fuels,Bioprocesses,Synfuel,,kW,,
COACH_BIODIESEL_B100,Coach BioDiesel,100% BioDiesel-Powered Coach,Public Mobility,Road,CA,pkm/h,,
COACH_BIODIESEL_B20,Coach BioDiesel 20%,20% BioDiesel-Powered Coach,Public Mobility,Road,,pkm/h,,
COACH_BIOETOH_E10,Coach BioEthanol 10%,10% BioEthanol-Powered Coach,Public Mobility,Road,,pkm/h,,
COACH_CNG,Coach CNG,Compressed Natural Gas-Powered Coach,Public Mobility,Road,,pkm/h,,
COACH_CNG_STOICH,Coach CNG,Compressed Natural Gas-Powered Coach,Public Mobility,Road,CA,pkm/h,,
COACH_CSNG,Compressed Synthetic Natural Gas-Powered Coach,Compressed Synthetic Natural Gas-Powered Coach,Public Mobility,Road,,pkm/h,,
COACH_DIESEL,Coach Diesel,Diesel-Powered Coach,Public Mobility,Road,,pkm/h,,
COACH_ETOH_E10,Coach Ethanol 10%,10% Ethanol-Powered Coach,Public Mobility,Road,,pkm/h,,
COACH_EV,Coach Electric,Electric-Powered Coach,Public Mobility,Road,CA,pkm/h,,
COACH_FC_CH4,Coach Methane FC,Methane Fuel Cell-Powered Coach,Public Mobility,Road,CA,pkm/h,,
COACH_FC_HYBRID_CH4,Coach Methane Fuel Cell,Fuel Cell Coach with Methane Hybridization,Public Mobility,Road,,pkm/h,,
COACH_FC_HYBRID_H2,Hydrogen Fuel Cell Coach,Fuel Cell Coach with Hydrogen Hybridization,Public Mobility,Road,,pkm/h,,
COACH_GASOLINE,Coach Gasoline,Gasoline-Powered Coach,Public Mobility,Road,,pkm/h,,
COACH_HY_DIESEL,Hybrid Diesel Coach,Diesel Hybrid Coach,Public Mobility,Road,,pkm/h,,
COACH_PROPANE,Coach Propane,Propane-Powered Coach,Public Mobility,Road,CA,pkm/h,,
COAL,Coal,Coal,Resource,Resource,,kWh,,
COAL_GAS_H2,Coal Gasification H2,Hydrogen from Coal Gasification,Hydrogen Production,Hydrogen,,kW,,
COAL_GAS_H2_ADV,Advanced Coal Gasification H2,Hydrogen from Advanced Coal Gasification,Hydrogen Production,Hydrogen,,kW,,
COAL_GAS_H2_ADV_CCS,Advanced Coal Gasification H2 CC,Hydrogen from Advanced Coal Gasification with Carbon Capture,Hydrogen Production,Hydrogen,,kW,,
COAL_GAS_H2_CCS,Coal Gasification H2 CC,Hydrogen from Coal Gasification with Carbon Capture,Hydrogen Production,Hydrogen,,kW,,
COAL_IGCC,Coal IGCC,Integrated Gasification Combined Cycle,Electricity Production,Thermal,,kW,,
COAL_IGCC_CC,Coal IGCC CC,Integrated Gasification Combined Cycle with Carbon Capture,Electricity Production,Thermal,,kW,,
COAL_US,Coal US,Coal Ultra-Supercritical,Electricity Production,Thermal,,kW,,
COAL_US_CC,Coal US CC,Coal Ultra-Supercritical with Carbon Capture,Electricity Production,Thermal,,kW,,
COMMUTER_RAIL_DIESEL,Train Diesel,Diesel-Powered Commuter Train,Public Mobility,Rail,,pkm/h,,
COMMUTER_RAIL_ELEC,Train Electric SD,Electric-Powered Commuter Train,Public Mobility,Rail,,pkm/h,,
CROPS_TO_ETHANOL,Crops to Ethanol,Conversion of Crops to Ethanol,Bioprocesses,Synfuel,,kW,,
CROPS_TO_JETFUELS,Crops to Jetfuels,Conversion of Crops to Jet Fuels,Bioprocesses,Synfuel,,kW,,
CUMENE_PROCESS,Cumene Process,Cumene Production Process,Specific sectors,Chemical,,kt/h,,
DAC_HT,DAC HT,Direct Air Capture at High Temperature,CCUS,Capture,,ktCO2_eq/h,,
DAC_LT,DAC LT,Direct Air Capture at Low Temperature,CCUS,Capture,,ktCO2_eq/h,,
DEC_ADVCOGEN_H2,DEC Cogen H2,Decentralized Cogeneration with Hydrogen,Decentralized heating,Cogeneration,,kW,,
DEC_BOILER_BIOGAS,DEC Boiler BioGas,Decentralized Boiler with BioGas Combustion,Decentralized heating,Boiler,,kW,,
DEC_BOILER_BIOOIL,DEC Boiler BioOil,Decentralized Boiler with BioOil Combustion,Decentralized heating,Boiler,,kW,,
DEC_BOILER_GAS,DEC Boiler Gas,Decentralized Boiler with Gas Combustion,Decentralized heating,Boiler,,kW,,
DEC_BOILER_OIL,DEC Boiler Oil,Decentralized Boiler with Oil Combustion,Decentralized heating,Boiler,,kW,,
DEC_BOILER_WOOD,DEC Boiler Wood,Decentralized Boiler with Wood Combustion,Decentralized heating,Boiler,,kW,,
DEC_COGEN_BIOGAS,DEC Cogen BioGas,Decentralized Cogeneration with BioGas Combustion,Decentralized heating,Cogeneration,,kW,,STORAGE_TECH
DEC_COGEN_BIOOIL,DEC Cogen BioOil,Decentralized Cogeneration with BioOil Combustion,Decentralized heating,Cogeneration,,kW,,
DEC_COGEN_GAS,DEC Cogen Gas,Decentralized Cogeneration with Gas Combustion,Decentralized heating,Cogeneration,,kW,,
DEC_COGEN_OIL,DEC Cogen Oil,Decentralized Cogeneration with Oil Combustion,Decentralized heating,Cogeneration,,kW,,
DEC_COGEN_WOOD,DEC Cogen Wood,Decentralized Cogeneration with Wood Combustion,Decentralized heating,Cogeneration,,kW,,
DEC_DIRECT_ELEC,DEC Direct Elec.,Decentralized Direct Electricity,Decentralized heating,Electricity,,kW,,
DEC_HP_ELEC,DEC HP Elec,Decentralized Heat Pump Electricity ,Decentralized heating,Heat Pump,,kW,,
DEC_RENOVATION,DEC Renovation,Decentralized Energy System Renovation,Decentralized heating,Renovation,,kW,,
DEC_SOLAR,DEC Solar,Decentralized Solar Thermal ,Decentralized heating,Solar,,kW,,
DEC_TH_STORAGE,DEC Thermal Storage,Decentralized Thermal Storage,Decentralized heating,Storage,,kW,,
DEC_THHP_BIOGAS,DEC THHP BioGas,Decentralized Thermal BioGas Heat Pump,Decentralized heating,Heat Pump,,kW,,
DEC_THHP_GAS,DEC THHP Gas,Decentralized Thermal Gas Heat Pump,Decentralized heating,Heat Pump,,kW,,
DEEP_SALINE,Deep Saline,Deep Saline Carbon Sequestration,CCUS,Sequestration,,ktCO2_eq/h,,
DHN,DHN,District Heating Network,Infrastructure Grid,Heat,,kW,,
DHN_BOILER_BIOGAS,DHN Boiler BioGas,District Heating Network Boiler with BioGas Combustion,Centalized heating,Boiler,,kW,,
DHN_BOILER_BIOOIL,DHN Boiler BioOil,District Heating Network Boiler with BioOil Combustion,Centalized heating,Boiler,,kW,,
DHN_BOILER_GAS,DHN Boiler Gas,District Heating Network Boiler with Gas Combustion,Centalized heating,Boiler,,kW,,
DHN_BOILER_OIL,DHN Boiler Oil,District Heating Network Boiler with Oil Combustion,Centalized heating,Boiler,,kW,,
DHN_BOILER_WOOD,DHN Boiler Wood,District Heating Network Boiler with Wood Combustion,Centalized heating,Boiler,,kW,,STORAGE_TECH
DHN_COGEN_BIOGAS,DHN Cogen BioGas,District Heating Network Cogeneration with BioGas Combustion,Centalized heating,Cogeneration,,kW,,
DHN_COGEN_GAS,DHN Cogen Gas,District Heating Network Cogeneration with Gas Combustion,Centalized heating,Cogeneration,,kW,,
DHN_COGEN_WASTE,DHN Cogen Waste,District Heating Network Cogeneration with Waste Combustion,Centalized heating,Cogeneration,,kW,,
DHN_COGEN_WASTE_CC,DHN Cogen Waste CC,District Heating Network Cogeneration with Waste Combustion with Carbon Capture,Centalized heating,Cogeneration,,kW,,
DHN_COGEN_WOOD,DHN Cogen Wood,District Heating Network Cogeneration with Wood Combustion,Centalized heating,Cogeneration,,kW,MCHF/GWkm,
DHN_DEEP_GEO,DHN Deep Geoth.,District Heating Network with Deep Geothermal Heat,Centalized heating,Geothermal,,kW,MCHF/GWkm,
DHN_HP_ELEC,DHN HP Elec,District Heating Network with Heat Pump Electricity,Centalized heating,Electricity,,kW,MCHF/GWkm,
DHN_RENOVATION,DHN Renovation,District Heating Network Renovation,Centalized heating,Renovation,,kW,,
DHN_TH_STORAGE,DHN Thermal Storage,District Heating Network Thermal Storage,Centalized heating,Storage,,kW,,
DIE_STO,Diesel to Storage,Diesel to Storage,Chemical Storage,Fuel,,kW,,
DIESEL,Diesel,Diesel,Resource,Resource,,kWh,,
DIESEL_GEN,Diesel Generator,Diesel Powered Generator,Electricity Production,Thermal,,kW,,
DIRECT_USAGE,Direct Usage CO2,Direct Usage of stored CO2 ,CCUS,Utilisation,,ktCO2_eq/h,,
DOGR,DOGR,Deep Oil Reservoir Gas Recovery,CCUS,Sequestration,,ktCO2_eq/h,,
EHP_H2_GRID,H2 Grid EHP,Hydrogen Grid at Extra High Pressure,Infrastructure Grid,Hydrogen,,,,
EHP_NG_GRID,NG Grid EHP,Natural Gas Grid at Extra High Pressure,Infrastructure Grid,Natural Gas,,,,
EHV_GRID,Grid EHV,Electric Grid at Extra High Voltage,Infrastructure Grid,Electricity,,,,
ELEC_EXPORT,Electricity exports,Electricity exports,Export,Export,,kWh,,
ELEC_STO,Elec. Storage,Electricity Storage,Electricity Storage,Electricity,,kW,,
ELECTRICITY_EHV,Electricity import,Electricity import,Resource,Resource,,kWh,,
ELECTRICITY_HV,Electricity (high voltage),Electricity (high voltage),Flow,Flow,,kWh,,
ELECTRICITY_LV,Electricity (low voltage),Electricity (low voltage),Flow,Flow,,kWh,,
ELECTRICITY_MV,Electricity (medium voltage),Electricity (medium voltage),Flow,Flow,,kWh,MCHF/GWkm,
EOR,EOR,Enhanced Oil Recovery,CCUS,Sequestration,,ktCO2_eq/h,,
ETHANE,Ethane,Ethane,Resource,Resource,,kWh,,
ETHANE_CRACKING,Ethane Cracking,Ethane Cracking Process,Bioprocesses,Chemical,,kW,,
ETHANE_OXIDATION,Ethane Oxidation,Ethane Oxidation Process,Bioprocesses,Chemical,,kW,,
ETHANE_TO_ETHYLENE,Ethane to Ethylene,Conversion of Ethane to Ethylene,Bioprocesses,Chemical,,kW,,
ETHANOL,Ethanol,Ethanol,Resource,Resource,,kWh,,
ETHANOL_TO_JETFUELS,Ethanol to Jetfuels,Conversion of Ethanol to Jet Fuels,Bioprocesses,Chemical,,kW,,
ETHYLBENZENE,Ethylbenzene,Ethylbenzene,Resource,Resource,,kWh,,
ETHYLENE,Ethylene,Ethylene,Resource,Resource,,kWh,,
ETHYLENE_POLYMERIZATION,Ethylene Polym.,Ethylene Polymerization,Bioprocesses,Chemical,,kW,,
FOOD_PROD,Food Prod.,Food Production,Specific sectors,Food,,kt/h,,
FOOD_PROD_HP,Food Prod. HP,Food Production with Heat Pump,Specific sectors,Food,,kt/h,,
FOOD_PROD_HR,Food Prod. HR,Food Production with Heat Recovery,Specific sectors,Food,,kt/h,,
FT,FT,BioDiesel Production via Fischer-Tropsch Synthesis,Bioprocesses,Synfuel,,kW,,
GASIFICATION_H2,Gasif. H2,Hydrogen Production via Gasification,Infrastructure,Hydrogen,,kW,,
GASIFICATION_SNG,Gasif. SNG,Synthetic Natural Gas Production via Gasification,Infrastructure,Natural Gas,,kW,,
GASO_STO,Gasoline to Storage,Gasoline to Storage,Chemical Storage,Fuel,,kW,,
GASOLINE,Gasoline,Gasoline,Resource,Resource,,kWh,,
GEOTHERMAL,Geothermal,Geothermal Energy Utilization,Electricity Production,Geothermal,,kW,,
GRID,Grid,Electricity Grid,Infrastructure Grid,Electricity,,,,
H2_CCGT,Combine Cycle Gas Turbine H2,Combine Cycle Gas Turbine Hydrogen,Electricity Production,Hydrogen,,kW,,
H2_COMP_100,H2 Comp. AP-100,Hydrogen Compression from Athmospheric Pressure to 100 bar,Infrastructure,Hydrogen,,kW,,
H2_COMP_100_350,H2 Comp. 100-350,Hydrogen Compression from 100 bar to 350 bar,Infrastructure,Hydrogen,,kW,MCHF/GWkm,
H2_COMP_200,H2 Comp. AP-200,Hydrogen Compression from Athmospheric Pressure to 200 bar,Infrastructure,Hydrogen,,kW,MCHF/GWkm,
H2_COMP_200_350,H2 Comp. 200-350,Hydrogen Compression from 200 bar to 350 bar,Infrastructure,Hydrogen,,kW,,
H2_COMP_HE,H2 Comp. HE,Hydrogen Compression from High Pressure to Extra High Pressure,Infrastructure,Hydrogen,,kW,,
H2_COMP_LM,H2 Comp. LM,Hydrogen Compression from Low Pressure to Medium Pressure,Infrastructure,Hydrogen,,kW,MCHF/GWkm,
H2_COMP_MH,H2 Comp. MH,Hydrogen Compression from Medium Pressure to High Pressure,Infrastructure,Hydrogen,,kW,,
H2_EHP,Hydrogen import,Hydrogen,Resource,Resource,,kWh,,
H2_EXP_EH,H2 Exp. EH,Hydrogen Expansion from Extra High Pressure to High Pressure,Infrastructure,Hydrogen,,kW,,
H2_EXP_EH_COGEN,H2 Exp. Cogen. EH,Hydrogen Expansion with Cogeneration from Extra High Pressure to High Pressure,Infrastructure,Hydrogen,,kW,,
H2_EXP_HM,H2 Exp. HM,Hydrogen Expansion from High Pressure to Medium Pressure,Infrastructure,Hydrogen,,kW,,STORAGE_TECH
H2_EXP_HM_COGEN,H2 Exp. Cogen. HM,Hydrogen Expansion with Cogeneration from High Pressure to Medium Pressure,Infrastructure,Hydrogen,,kW,,
H2_EXP_ML,H2 Exp. ML,Hydrogen Expansion from Medium Pressure to Low Pressure,Infrastructure,Hydrogen,,kW,,
H2_EXP_ML_COGEN,H2 Exp. Cogen. ML,Hydrogen Expansion with Cogeneration from Medium Pressure to Low Pressure,Infrastructure,Hydrogen,,kW,,
H2_EXPANSION_100,H2 Exp. 100,Hydrogen Compression from 100 bar to Athmospheric Pressure,Infrastructure,Hydrogen,,kW,,
H2_EXPANSION_200,H2 Exp. 200,Hydrogen Compression from 200 bar to Athmospheric Pressure,Infrastructure,Hydrogen,,kW,,
H2_Haber_Bosch,Haber Bosch Process,Haber Bosch Process,Infrastructure,Amonia,,kW,,
H2_NG_CCGT,Combined Cycle Gas Turbine H2 & NG,Combined Cycle Gas Turbine Hydrogen and Natural Gas Mix,Electricity Production,Hydrogen,,kW,,
H2_NG_CCGT_CCS,Combined Cycle Gas Turbine H2 & NG CC,Combined Cycle Gas Turbine Hydrogen and Natural Gas Mix with Carbon Capture,Electricity Production,Hydrogen,,kW,,
H2_SNG_CCGT,Combined Cycle Gas Turbine H2 & SNG,Combined Cycle Gas Turbine Hydrogen and Synthetic Natural Gas Mix,Electricity Production,Hydrogen,,kW,,
H2_SNG_CCGT_CCS,Combined Cycle Gas Turbine H2 & SNG CC,Combined Cycle Gas Turbine Hydrogen and Synthetic Natural Gas Mix with Carbon Capture,Electricity Production,Hydrogen,,kW,,
H2_STO,H2 to Storage,Hydrogen to Storage,Chemical Storage,Hydrogen,,kW,,
HEAT_HIGH_T,Heat (high temperature),Heat (high temperature),Flow,Flow,,kWh,,
HEAT_LOW_T_DECEN,Heat (low temperature),Heat (low temperature),Flow,Flow,,kWh,,
HP_H2_GRID,H2 Grid HP,Hydrogen Grid at High Pressure,Infrastructure Grid,Hydrogen,,,,
HP_NG_GRID,NG Grid HP,Natural Gas Grid at High Pressure,Infrastructure Grid,Natural Gas,,,,
HT_LT,HT to LT,High Temperature to Low Temperature Conversion,Infrastructure,Heat,,kW,,
HT_LT_DEC,HT to LT,High Temperature to Low Temperature Conversion in Decentralized Systems,Infrastructure,Heat,,kW,,
HV_GRID,Grid HV,Electric Grid at High Voltage,Infrastructure Grid,Electricity,,,,
HYDRO_DAM,Hydro Dam,Hydroelectric Dam,Electricity Production,Hydro,,kW,,
HYDRO_GAS,Hydroth. Gasification,Hydrothermal Gasification,Infrastructure,Synfuel,,kW,,
HYDRO_GAS_CHP,Hydroth. Gasification CHP,Hydrothermal Gasification with Combined Heat and Power,Infrastructure,Electricity,,kW,,
HYDRO_RIVER,Hydro River,Hydroelectric Power from River Flow,Electricity Production,Hydro,,kW,,
HYDRO_STORAGE,Hydro Storage,Hydraulic Storage,Electricity Storage,Electricity,CA,kWh,,
IND_BOILER_BIOGAS,Ind Boiler BioGas,Industrial Boiler with BioGas Combustion,Industrial Heating,Boiler,,kW,,
IND_BOILER_BIOOIL,Ind Boiler BioOil,Industrial Boiler with BioOil Combustion,Industrial Heating,Boiler,,kW,,
IND_BOILER_COAL,Ind Boiler Coal,Industrial Boiler with Coal Combustion,Industrial Heating,Boiler,,kW,,
IND_BOILER_GAS,Ind Boiler Gas,Industrial Boiler with Gas Combustion,Industrial Heating,Boiler,,kW,,
IND_BOILER_OIL,Ind Boiler Oil,Industrial Boiler with Oil Combustion,Industrial Heating,Boiler,,kW,MCHF/GWkm,
IND_BOILER_WASTE,Ind Boiler Waste,Industrial Boiler with Waste Combustion,Industrial Heating,Boiler,,kW,MCHF/GWkm,
IND_BOILER_WASTE_CC,Ind Boiler Waste CC,Industrial Boiler with Carbon Capture using Waste Combustion,Industrial Heating,Boiler,,kW,,
IND_BOILER_WOOD,Ind Boiler Wood,Industrial Boiler with Wood Combustion,Industrial Heating,Boiler,,kW,,
IND_COGEN_BIOGAS,Ind Cogen BioGas,Industrial Cogeneration with BioGas Combustion,Industrial Heating,Cogeneration,,kW,,
IND_COGEN_GAS,Ind Cogen Gas,Industrial Cogeneration with Gas Combustion,Industrial Heating,Cogeneration,,kW,,
IND_COGEN_WASTE,Ind Cogen Waste,Industrial Cogeneration using Waste Combustion,Industrial Heating,Cogeneration,,kW,,
IND_COGEN_WASTE_CC,Ind Cogen Waste CC,Industrial Cogeneration with Carbon Capture using Waste Combustion,Industrial Heating,Cogeneration,,kW,,
IND_COGEN_WOOD,Ind Cogen Wood,Industrial Cogeneration with Wood Combustion,Industrial Heating,Cogeneration,,kW,,
IND_DIRECT_ELEC,Ind Direct Elec,Industrial Direct Electricity Usage,Industrial Heating,Electricity,,kW,,
IND_HP_ELEC,Ind HP Elec,Industrial Heat Pump Electricity Usage,Industrial Heating,Electricity,,kW,,
JETFUEL,Jetfuel,Jetfuel,Resource,Resource,,kWh,,
LCV_BIODIESEL_B100,LCV BioDiesel,100% BioDiesel-Powered Light Commercial Vehicle,Freight transport,Road,CA,tkm/h,MCHF/GWkm,
LCV_BIODIESEL_B20,LCV BioDiesel 20%,20% BioDiesel-Powered Light Commercial Vehicle,Freight transport,Road,CA,tkm/h,MCHF/GWkm,
LCV_CNG,LCV CNG,Compressed Natural Gas-Powered Light Commercial Vehicle,Freight transport,Road,CA,tkm/h,MCHF/GWkm,
LCV_CSNG,LCV CSNG,Compressed Synthetic Natural Gas-Powered Light Commercial Vehicle,Freight transport,Road,CA,tkm/h,,
LCV_DIESEL,LCV Diesel,Diesel-Powered Light Commercial Vehicle,Freight transport,Road,CA,tkm/h,,
LCV_ETOH_E10,LCV Ethanol 10%,10% Ethanol-Powered Light Commercial Vehicle,Freight transport,Road,CA,tkm/h,,
LCV_ETOH_E85,LCV Ethanol 85%,85% Ethanol-Powered Light Commercial Vehicle,Freight transport,Road,CA,tkm/h,,
LCV_EV,LCV Electric,Electric-Powered Light Commercial Vehicle,Freight transport,Road,CA,tkm/h,,
LCV_FC_CH4,LCV Methane FC,Methane Fuel Cell-Powered Light Commercial Vehicle,Freight transport,Road,CA,tkm/h,,
LCV_FC_H2,LCV Hydrogen FC,Hydrogen Fuel Cell-Powered Light Commercial Vehicle,Freight transport,Road,CA,tkm/h,,
LCV_GASOLINE,LCV Gasoline,Gasoline-Powered Light Commercial Vehicle,Freight transport,Road,CA,tkm/h,,
LCV_PHEV_DIESEL,LCV Diesel,Diesel-Powered Light Commercial Vehicle,Freight transport,Road,CA,tkm/h,,
LCV_PHEV_GASOLINE,LCV Plug-in Hybrid Gasoline,Plug-in Hybrid Gasoline-Powered Light Commercial Vehicle,Freight transport,Road,,tkm/h,,
LCV_PROPANE,LCV Propane,Propane-Powered Light Commercial Vehicle,Freight transport,Road,CA,tkm/h,,
LFO,Light fuel oil,Light fuel oil,Resource,Resource,,kWh,,
LNG,Liquified natural gas,Liquified natural gas,Resource,Resource,,kWh,,
LP_H2_GRID,H2 Grid LP,Hydrogen Grid at Low Pressure,Infrastructure Grid,Hydrogen,,,,
LP_NG_GRID,NG Grid LP,Natural Gas Grid at Low Pressure,Infrastructure Grid,Natural Gas,,,,
LT_DEC_WH,LT DEC WH,Low Temperature Decentralized Waste Heat,Waste Heat,Heat,,kW,,
LT_DHN_WH,LT DHN WH,Low Temperature District Heating Network Waste Heat,Waste Heat,Heat,,kW,,
LV_GRID,Grid LV,Electric Grid at Low Voltage,Infrastructure Grid,Electricity,,,,
METATHESIS_PROPYLENE,Metathesis Propylene,Propylene Production via Metathesis,Bioprocesses,Chemical,,kW,,
METHANATION,Methanation,Methanation Process,Bioprocesses,Synfuel,,kW,,
METHANE_TO_METHANOL,Methane to Methanol,Conversion of Methane to Methanol,Specific sectors,Chemical,,kt/h,,
METHANOL,Methanol,Methanol,Resource,Resource,,kWh,,
METHANOL_CARBONYLATION,Methanol Cabonylation,Methanol Cabonylation Process,Specific sectors,Chemical,,kt/h,,
METHANOL_FT,Methanol Fischer-Tropsch,Methanol Synthesis via Fischer-Tropsch Process,Specific sectors,Chemical,,kt/h,,
METHANOL_TO_AROMATICS,Methanol to Aromatics,Conversion of Methanol to Aromatic Compounds,Bioprocesses,Chemical,,kW,,
METHANOL_TO_OLEFINS,Methanol to Olefins,Conversion of Methanol to Olefinic Compounds,Bioprocesses,Chemical,,kW,,
MINES_STORAGE,Mines Storage,Sequestration of CO2 in Mines,CCUS,Sequestration,,ktCO2_eq/h,,
MOB_FREIGHT_LCV,Freight mobility (light commercial vehicles),Freight mobility (light commercial vehicles),Flow,Flow,,tkm,,
MOB_FREIGHT_SEMI,Freight mobility (semi),Freight mobility (semi),Flow,Flow,,tkm,,
MOB_FREIGHT_TRAIN,Freight mobility (trains),Freight mobility (trains),Flow,Flow,,tkm,,
MOB_FREIGHT_TRUCK,Freight mobility (trucks),Freight mobility (trucks),Flow,Flow,,tkm,,
MOB_PRIVATE_CAR,Private mobility (cars),Private mobility (cars),Flow,Flow,,pkm,,
MOB_PRIVATE_SUV,Private mobility (SUVs),Private mobility (SUVs),Flow,Flow,,pkm,,
MOB_PUBLIC_BUS,Public mobility (buses),Public mobility (buses),Flow,Flow,,pkm,,
MOB_PUBLIC_COACH,Public mobility (coaches),Public mobility (coaches),Flow,Flow,,pkm,,
MOB_PUBLIC_TRAIN,Public mobility (trains),Public mobility (trains),Flow,Flow,,pkm,,
MP_H2_GRID,H2 Grid MP,Hydrogen Grid at Medium Pressure,Infrastructure Grid,Hydrogen,,,,
MP_NG_GRID,NG Grid MP,Natural Gas Grid at Medium Pressure,Infrastructure Grid,Natural Gas,,,,
MV_GRID,Grid MV,Electric Grid at Medium Voltage,Infrastructure Grid,Electricity,,,,
NEW_HYDRO_DAM,New Hydro Dam,New Hydroelectric Dam,Electricity Production,Hydro,,kW,,
NEW_HYDRO_RIVER,New Hydro River,New Hydroelectric Power from River Flow,Electricity Production,Hydro,,kW,,
NEW_WIND_ONSHORE,Wind Onshore,New Wind Energy Onshore,Electricity Production,Wind,,kW,,
NG_COMP_HE,NG Comp. HE,Natural Gas Compression from High Pressure to Extra High Pressure,Infrastructure,Natural Gas,,kW,,
NG_COMP_LM,NG Comp. LM,Natural Gas Compression from Low Pressure to Medium Pressure,Infrastructure,Natural Gas,,kW,,
NG_COMP_MH,NG Comp. MH,Natural Gas Compression from Medium Pressure to High Pressure,Infrastructure,Natural Gas,,kW,,
NG_EHP,Natural gas,Natural gas,Resource,Resource,,kWh,,
NG_EXP_EH,NG Exp. EH,Natural Gas Expansion from Extra High Pressure to High Pressure,Infrastructure,Natural Gas,,kW,,
NG_EXP_EH_COGEN,NG Exp. Cogen. EH,Natural Gas Expansion with Cogeneration from Extra High Pressure to High Pressure,Infrastructure,Natural Gas,,kW,,
NG_EXP_HM,NG Exp. HM,Natural Gas Expansion from High Pressure to Medium Pressure,Infrastructure,Natural Gas,,kW,,
NG_EXP_HM_COGEN,NG Exp. Cogen. HM,Natural Gas Expansion with Cogeneration from High Pressure to Medium Pressure,Infrastructure,Natural Gas,,kW,,
NG_EXP_ML,NG Exp. ML,Natural Gas Expansion from Medium Pressure to Low Pressure,Infrastructure,Natural Gas,,kW,,
NG_EXP_ML_COGEN,NG Exp. Cogen. ML,Natural Gas Expansion with Cogeneration from Medium Pressure to Low Pressure,Infrastructure,Natural Gas,,kW,,
NG_GEN,Natural Gas Generator,Natural Gas Powered Generator,Electricity Production,Thermal,,kW,,
NG_PYROLYSIS_PLASMA,Plasma Natural Gas Pyrolysis,Plasma Natural Gas Pyrolysis,Hydrogen Production,Hydrogen,,kW,,
NG_PYROLYSIS_THERMAL,Thermal Natural Gas Pyrolysis,Thermal Natural Gas Pyrolysis,Hydrogen Production,Hydrogen,,kW,,
NG_REFORMING,NG Reforming,Natural Gas Reforming,Infrastructure,Natural Gas,,kW,,
NG_STO,NG to Storage,Natural Gas to Storage,Chemical Storage,Natural Gas,,kW,,
NUCLEAR,Nuclear,Nuclear Power Generation,Electricity Production,Nuclear,,kW,,
OCGT_BIOGAS_LARGE,OCGT BioGas Large,Open Cycle BioGas Turbine 243 MW,Electricity Production,Thermal,,kW,,
OCGT_BIOGAS_SMALL,OCGT BioGas Small,Open Cycle BioGas Turbine 100 MW,Electricity Production,Thermal,,kW,,
OCGT_LARGE,OCGT Large,Open Cycle Gas Turbine 243 MW,Electricity Production,Thermal,,kW,,
OCGT_SMALL,OCGT Small,Open Cycle Gas Turbine 100 MW,Electricity Production,Thermal,,kW,,
PAFC,PAFC,Phosphoric Acid Fuel Cell,Electricity Production,Hydrogen,,kW,,
PAFC_OG,PAFC OG,Phosphoric Acid Fuel Cell Off-Grid,Electricity Production,Hydrogen,,kW,,
PAPER,Paper,Paper,Flow,Flow,,kt,,
PAPER_MAKING,Paper Making,Paper Production,Specific sectors,Paper,,kt/h,,
PAPER_MAKING_HP,Paper Making HP,Paper Production with Heat Pump,Specific sectors,Paper,,kt/h,,
PAPER_MAKING_HR,Paper Making HR,Paper Production with Heat Recovery,Specific sectors,Paper,,kt/h,,
PE,Polyethylene,Polyethylene,Resource,Resource,,kt,,
PEM_ELECTROLYSIS,PEM Electrolysis,Proton Exchange Membrane Electrolysis,Bioprocesses,Hydrogen,,kW,,
PEMEC_OG,PEM Electrolysis OG,Proton Exchange Membrane Electrolysis Off-Grid,Hydrogen Production,Hydrogen,,kW,,
PEMFC,PEM FC,Proton Exchange Membrane Fuel Cell,Electricity Production,Hydrogen,,kW,,
PEMFC_OG,PEM FC OG,Proton Exchange Membrane Fuel Cell Off-Grid,Electricity Production,Hydrogen,,kW,,
PET,Polyethylene terephthalate,Polyethylene terephthalate,Resource,Resource,,kt,,
PET_FORMATION,PET Formation,Polyethylene Terephthalate Formation,Specific sectors,Chemical,,kt/h,,
PHENOL,Phenol,Phenol,Resource,Resource,,kt,,
PLANE,Plane,Airplane,Public Mobility,Air,,pkm/h,,
PLANE_FREIGHT,Plane Freight,Plane Freight,Freight transport,Air,CA,tkm/h,,
PLANE_FREIGHT_BIO,Bio-Jet Fuel-Powered Freight Plane,Bio-Jet Fuel-Powered Freight Plane,Freight transport,Air,,tkm/h,,
PLANE_LH,Plane long haul,Passenger Plane long haul,Public Mobility,Air,,pkm/h,,
PLANE_LH_BIO,Bio-Jet Fuel-Powered Long Haul Passenger Plane,Bio-Jet Fuel-Powered Long Haul Passenger Plane,Public Mobility,Air,,pkm/h,,
PLANE_SH,Plane short haul,Passenger Plane short haul,Public Mobility,Air,,pkm/h,,
PLANE_SH_BIO,Bio-Jet Fuel-Powered Short Haul Passenger Plane,Bio-Jet Fuel-Powered Short Haul Passenger Plane,Public Mobility,Air,,pkm/h,,
POLYPROPYLENE_PP,Polypropylene PP,Polypropylene Production,Specific sectors,Chemical,,kt/h,,
PP,Polypropylene,Polypropylene,Resource,Resource,,kt,,
PROPANE,Propane,Propane,Resource,Resource,,kt,,
PROPYLENE,Propylene,Propylene,Resource,Resource,,kt,,
PS,Polystyrene,Polystyrene,Resource,Resource,,kt,,
PUMPED_HYDRO,Pumped Hydro,Pumped Hydro Power Plant,Electricity Production,Hydro,,kW,,
PV_GROUND,PV_GROUND,Open Ground Photovoltaic Solar Energy,Electricity Production,Solar,,kW,,
PV_ROOF,PV_ROOF,Slanted-Roof Photovoltaic Solar Energy,Electricity Production,Solar,,kW,,
PVC,Polyvinyl chloride,Polyvinyl chloride,Resource,Resource,,kt,,
PVC_FORMATION,PVC Formation,Polyvinyl Chloride Formation,Specific sectors,Chemical,,kt/h,,
PYROLYSIS,Pyrolysis,Pyrolysis Process,Bioprocesses,Synfuel,,kW,,
SCHOOLBUS_BIODIESEL_B100,School Bus BioDiesel,100% BioDiesel-Powered School Bus,Public Mobility,Road,CA,pkm/h,,
SCHOOLBUS_BIODIESEL_B20,School Bus BioDiesel 20%,20% BioDiesel-Powered School Bus,Public Mobility,Road,CA,pkm/h,,
SCHOOLBUS_BIOETOH_E10,School Bus BioEthanol 10%,10% BioEthanol-Powered School Bus,Public Mobility,Road,CA,pkm/h,,
SCHOOLBUS_CNG,School Bus CNG,Compressed Natural Gas-Powered School Bus,Public Mobility,Road,CA,pkm/h,,
SCHOOLBUS_CSNG,School Bus CSNG,Compressed Synthetic Natural Gas-Powered School Bus,Public Mobility,Road,CA,pkm/h,,
SCHOOLBUS_DIESEL,School Bus Diesel,Diesel-Powered School Bus,Public Mobility,Road,CA,pkm/h,,
SCHOOLBUS_ETOH_E10,School Bus Ethanol 10%,10% Ethanol-Powered School Bus,Public Mobility,Road,CA,pkm/h,,
SCHOOLBUS_EV,School Bus Electric,Electric-Powered School Bus,Public Mobility,Road,CA,pkm/h,,
SCHOOLBUS_FC_CH4,School Bus Methane FC,Methane Fuel Cell-Powered School Bus,Public Mobility,Road,CA,pkm/h,,
SCHOOLBUS_GASOLINE,School Bus Gasoline,Gasoline-Powered School Bus,Public Mobility,Road,CA,pkm/h,,
SCHOOLBUS_HY_DIESEL,School Bus Hybrid Diesel,Diesel Hybrid School Bus,Public Mobility,Road,CA,pkm/h,,
SCHOOLBUS_PROPANE,School Bus Propane,Propane-Powered School Bus,Public Mobility,Road,,pkm/h,,
SEMI_LH_BIODIESEL_B100,Semi BioDiesel LD,100% BioDiesel-Powered Long Distance Semi-trailer truck,Freight transport,Road,CA,tkm/h,,
SEMI_LH_BIODIESEL_B20,Semi BioDiesel 20% LD,20% BioDiesel-Powered Long Distance Semi-trailer truck,Freight transport,Road,CA,tkm/h,,
SEMI_LH_CNG,Semi CNG LD,Compressed Natural Gas-Powered Long Distance Semi-trailer truck,Freight transport,Road,CA,tkm/h,,
SEMI_LH_CSNG,Semi CSNG LD,Compressed Synthetic Natural Gas-Powered Long Distance Semi-trailer truck,Freight transport,Road,CA,tkm/h,,
SEMI_LH_DIESEL,Semi Diesel LD,Diesel-Powered Long Distance Semi-trailer truck,Freight transport,Road,CA,tkm/h,,
SEMI_LH_EV,Semi Electric LD,Electric-Powered Long Distance Semi-trailer truck,Freight transport,Road,CA,tkm/h,,
SEMI_LH_FC_CH4,Semi Methane FC LD,Methane Fuel Cell-Powered Long Distance Semi-trailer truck,Freight transport,Road,CA,tkm/h,,
SEMI_LH_FC_H2,Semi Hydrogen FC LD,Hydrogen Fuel Cell-Powered Long Distance Semi-trailer truck,Freight transport,Road,CA,tkm/h,,
SEMI_LH_HY_DIESEL,Semi Hybrid Diesel LD,Diesel Hybrid Long Distance Semi-trailer truck,Freight transport,Road,CA,tkm/h,,
SEMI_LH_PROPANE,Semi Propane LD,Propane-Powered Long Distance Semi-trailer truck,Freight transport,Road,,tkm/h,,
SEMI_SH_BIODIESEL_B100,Semi BioDiesel SD,100% BioDiesel-Powered Short Distance Semi-trailer truck,Freight transport,Road,CA,tkm/h,,
SEMI_SH_BIODIESEL_B20,Semi BioDiesel 20% SD,20% BioDiesel-Powered Short Distance Semi-trailer truck,Freight transport,Road,CA,tkm/h,,
SEMI_SH_CNG,Semi CNG SD,Compressed Natural Gas-Powered Short Distance Semi-trailer truck,Freight transport,Road,CA,tkm/h,,
SEMI_SH_CSNG,Semi CSNG SD,Compressed Synthetic Natural Gas-Powered Short Distance Semi-trailer truck,Freight transport,Road,CA,tkm/h,,
SEMI_SH_DIESEL,Semi Diesel SD,Diesel-Powered Short Distance Semi-trailer truck,Freight transport,Road,CA,tkm/h,,
SEMI_SH_EV,Semi Electric SD,Electric-Powered Short Distance Semi-trailer truck,Freight transport,Road,CA,tkm/h,,
SEMI_SH_FC_CH4,Semi Methane FC SD,Methane Fuel Cell-Powered Short Distance Semi-trailer truck,Freight transport,Road,CA,tkm/h,,
SEMI_SH_FC_H2,Semi Hydrogen FC SD,Hydrogen Fuel Cell-Powered Short Distance Semi-trailer truck,Freight transport,Road,CA,tkm/h,,
SEMI_SH_HY_DIESEL,Semi Hybrid Diesel SD,Diesel Hybrid Short Distance Semi-trailer truck,Freight transport,Road,CA,tkm/h,,
SEMI_SH_PROPANE,Semi Propane SD,Propane-Powered Short Distance Semi-trailer truck,Freight transport,Road,,tkm/h,,
SMART_PROCESS,Smart Processes,Implementation of SMART Process from ethylbenzene to styrene,Specific sectors,Chemical,,kt/h,,
SMR,Steam Methane Reforming,Steam Methane Reforming,Hydrogen Production,Hydrogen,,kW,,
SMR_CCS,Steam Methane Reforming CC,Steam Methane Reforming with Carbon Capture,Hydrogen Production,Hydrogen,,kW,,
SNG_COMP_HE,SNG Comp. HE,Synthetic Natural Gas Compression from High Pressure to Extra High Pressure,Infrastructure,Natural Gas,,kW,,
SNG_COMP_LM,SNG Comp. LM,Synthetic Natural Gas Compression from Low Pressure to Medium Pressure,Infrastructure,Natural Gas,,kW,,
SNG_COMP_MH,SNG Comp. MH,Synthetic Natural Gas Compression from Medium Pressure to High Pressure,Infrastructure,Natural Gas,,kW,,
SNG_EHP,Synthetic natural gas,Synthetic natural gas,Resource,Resource,,kWh,,
SNG_EXP_EH,SNG Exp. EH,Synthetic Natural Gas Expansion from Extra High Pressure to High Pressure,Infrastructure,Natural Gas,,kW,,
SNG_EXP_EH_COGEN,SNG Exp. Cogen. EH,Synthetic Natural Gas Expansion with Cogeneration from Extra High Pressure to High Pressure,Infrastructure,Natural Gas,,kW,,
SNG_EXP_HM,SNG Exp. HM,Synthetic Natural Gas Expansion from High Pressure to Medium Pressure,Infrastructure,Natural Gas,,kW,,
SNG_EXP_HM_COGEN,SNG Exp. Cogen. HM,Synthetic Natural Gas Expansion with Cogeneration from High Pressure to Medium Pressure,Infrastructure,Natural Gas,,kW,,
SNG_EXP_ML,SNG Exp. ML,Synthetic Natural Gas Expansion from Medium Pressure to Low Pressure,Infrastructure,Natural Gas,,kW,,
SNG_EXP_ML_COGEN,SNG Exp. Cogen. ML,Synthetic Natural Gas Expansion with Cogeneration from Medium Pressure to Low Pressure,Infrastructure,Natural Gas,,kW,,
SNG_NG,SNG production,Conversion of Synthetic Natural Gas to Natural Gas,Bioprocesses,Synfuel,,kW,,
SNG_PYROLYSIS_PLASMA,Plasma Synthetic Natural Gas Pyrolysis,Plasma Synthetic Natural Gas Pyrolysis,Hydrogen Production,Hydrogen,,kW,,
SNG_PYROLYSIS_THERMAL,Thermal Synthetic Natural Gas Pyrolysis,Thermal Synthetic Natural Gas Pyrolysis,Hydrogen Production,Hydrogen,,kW,,
SNG_REFORMING,SNG Reforming,Synthetic Natural Gas Reforming,Infrastructure,Natural Gas,,kW,,
SNG_STO,SNG to Storage,Synthetic Natural Gas to Storage,Chemical Storage,Natural Gas,,kW,,
SOEC_ELECTROLYSIS,SOEC Electrolysis,Solid Oxide Electrolysis Cell Electrolysis,Bioprocesses,Hydrogen,,kW,,
SOEC_OG,SOEC Electrolysis OG,Solid Oxide Electrolysis Cell Electrolysis Off-Grid,Hydrogen Production,Hydrogen,,kW,,
SOFC,SOFC,Solid Oxide Fuel Cell,Electricity Production,Hydrogen,,kW,,
SOFC_OG,SOFC OG,Solid Oxide Fuel Cell Off-Grid,Electricity Production,Hydrogen,,kW,,
STEEL,Steel,Steel,Flow,Flow,,kt,,
STEEL_MAKING,Steel Making,Steel Production,Specific sectors,Steel,,kt/h,,
STEEL_MAKING_HP,Steel Making HP,Steel Production with Heat Pump,Specific sectors,Steel,,kt/h,,
STEEL_MAKING_HR,Steel Making HR,Steel Production with Heat Recovery,Specific sectors,Steel,,kt/h,,
STEEL_MAKING_ORC,Steel Making ORC,Steel Production with Organic Rankine Cycle,Specific sectors,Steel,,kt/h,,
STO_CO2,CO2 Storage (output),CO2 Storage (output),CCUS,Storage,,ktCO2_eq/h,,
STO_DIE,Storage to Diesel,Storage to Diesel,Chemical Storage,Fuel,,kW,,
STO_ELEC,Storage Elec.,Storage Electricity,Electricity Storage,Electricity,CA,kW,,
STO_GASO,Storage to Gasoline,Storage to Gasoline,Chemical Storage,Fuel,,kW,,
STO_H2,Storage to H2,Storage to Hydrogen,Chemical Storage,Hydrogen,,kW,,
STO_NG,Storage to NG,Storage to Natural Gas,Chemical Storage,Natural Gas,,kW,,
STYRENE,Styrene,Styrene,Resource,Resource,,kWh,,
STYRENE_POLYMERIZATION,Styrene Polymerization,Styrene Polymerization Process,Specific sectors,Chemical,,kt/h,,
SUV_BIODIESEL_B100,SUV BioDiesel,100% BioDiesel-Powered Sport Utility Vehicle,Private Mobility,Car,CA,pkm/h,,
SUV_BIODIESEL_B20,SUV BioDiesel 20%,20% BioDiesel-Powered Sport Utility Vehicle,Private Mobility,Car,CA,pkm/h,,
SUV_BIOETOH_E10,SUV BioEthanol 10%,10% BioEthanol-Powered Sport Utility Vehicle,Private Mobility,Car,CA,pkm/h,,
SUV_BIOETOH_E85,SUV BioEthanol 85%,85% BioEthanol-Powered Sport Utility Vehicle,Private Mobility,Car,CA,pkm/h,,
SUV_CNG,SUV CNG,Compressed Natural Gas-Powered Sport Utility Vehicle,Private Mobility,Car,CA,pkm/h,,
SUV_CSNG,SUV CSNG,Compressed Synthetic Natural Gas-Powered Sport Utility Vehicle,Private Mobility,Car,CA,pkm/h,,
SUV_DIESEL,SUV Diesel,Diesel-Powered Sport Utility Vehicle,Private Mobility,Car,CA,pkm/h,,
SUV_ETOH_E10,SUV Ethanol 10%,10% Ethanol-Powered Sport Utility Vehicle,Private Mobility,Car,CA,pkm/h,,
SUV_ETOH_E85,SUV Ethanol 85%,85% Ethanol-Powered Sport Utility Vehicle,Private Mobility,Car,CA,pkm/h,,
SUV_EV,SUV Electric,Electric-Powered Sport Utility Vehicle,Private Mobility,Car,CA,pkm/h,,
SUV_FC_CH4,SUV Methane FC,Methane Fuel Cell-Powered Sport Utility Vehicle,Private Mobility,Car,CA,pkm/h,,
SUV_FC_H2,SUV Hydrogen FC,Hydrogen Fuel Cell-Powered Sport Utility Vehicle,Private Mobility,Car,CA,pkm/h,,
SUV_GASOLINE,SUV Gasoline,Gasoline-Powered Sport Utility Vehicle,Private Mobility,Car,CA,pkm/h,,
SUV_HY_GASOLINE,SUV Hybrid Gasoline,Gasoline Hybrid Sport Utility Vehicle,Private Mobility,Car,CA,pkm/h,,
SUV_PHEV_GASOLINE,SUV Plug-in Hybrid Gasoline,Plug-in Hybrid Gasoline-Powered Sport Utility Vehicle,Private Mobility,Car,CA,pkm/h,,
SUV_PROPANE,SUV Propane,Propane-Powered Sport Utility Vehicle,Private Mobility,Car,CA,pkm/h,,
TIDAL,Tidal,Tidal power,Electricity Production,Hydro,,kW,,
TOLUENE,Toluene,Toluene,Resource,Resource,,kWh,,
TRAFO_EH,Transformer EH,Extra High to High Voltage Transformer,Infrastructure,Electricity,,kW,,
TRAFO_HE,Transformer HE,High to Extra High Voltage Transformer,Infrastructure,Electricity,,kW,,
TRAFO_HM,Transformer HM,High to Medium Voltage Transformer,Infrastructure,Electricity,,kW,,
TRAFO_LM,Transformer LM,Low to Medium Voltage Transformer,Infrastructure,Electricity,,kW,,
TRAFO_MH,Transformer MH,Medium to High Voltage Transformer,Infrastructure,Electricity,,kW,,
TRAFO_ML,Transformer ML,Medium to Low Voltage Transformer,Infrastructure,Electricity,,kW,,
TRAIN_BIODIESEL,Train BioDiesel,BioDiesel-Powered Train,Public Mobility,Rail,,pkm/h,,
TRAIN_DIESEL,Train Diesel,Diesel-Powered Train,Public Mobility,Rail,,pkm/h,,
TRAIN_ELEC,Train Electric,Electric-Powered Train,Public Mobility,Rail,,pkm/h,,
TRAIN_FREIGHT,Train Freight Elec,Electric-Powered Freight Train,Freight transport,Rail,,tkm/h,,
TRAIN_FREIGHT_BIODIESEL,Train Freight Biodiesel,Biodiesel-Powered Freight Train,Freight transport,Rail,,tkm/h,,
TRAIN_FREIGHT_DIESEL,Train Freight Diesel,Diesel-Powered Freight Train,Freight transport,Rail,,tkm/h,,
TRAIN_FREIGHT_ELEC,Train Freight Elec,Electric-Powered Freight Train,Freight transport,Rail,,tkm/h,,
TRAIN_FREIGHT_H2,Train Freight Hydrogen,Hydrogen-Powered Freight Train,Freight transport,Rail,,tkm/h,,
TRAIN_FREIGHT_H2_HYBRID,Train Freight Hybrid Bat. FC,Hybrid Battery-Fuel Cell-Powered Freight Train,Freight transport,Rail,,tkm/h,,
TRAIN_FREIGHT_NG,Train Freight Natural Gas,Natural Gas-Powered Freight Train,Freight transport,Rail,,tkm/h,,
TRAIN_FREIGHT_SNG,Train Freight Synthetic Natural Gas,Natural Synthetic Gas-Powered Freight Train,Freight transport,Rail,,tkm/h,,
TRAIN_H2,Hydrogen Train,Hydrogen-Powered Train,Public Mobility,Rail,CA,pkm/h,,
TRAIN_NG,Train Natural Gas,Natural Gas-Powered Train,Public Mobility,Rail,,pkm/h,,
TRAIN_PUB,Train Elec Pax,Electric-Powered Passenger Train,Public Mobility,Rail,,pkm/h,,
TRAIN_SNG,Train Synthetic Natural Gas,Synthetic Natural Gas-Powered Train,Public Mobility,Rail,,pkm/h,,
TRAMWAY,Tramway,Tramway,Public Mobility,Rail,,pkm/h,,
TRAMWAY_TROLLEY,Tramway,Tramway Trolley System,Public Mobility,Rail,,pkm/h,,
TRUCK,Truck Diesel,Diesel-Powered Truck,Freight transport,Road,,tkm/h,,
TRUCK_CO2,Truck Diesel,Diesel-Powered Truck with Carbon Capture,Freight transport,Road,,tkm/h,,
TRUCK_EV,Truck Electric,Electric-Powered Truck,Freight transport,Road,CA,tkm/h,,
TRUCK_FC,Truck Fuel Cell,Fuel Cell-Powered Truck,Freight transport,Road,CA,tkm/h,,
TRUCK_LH_BIODIESEL_B100,Truck BioDiesel LD,100% BioDiesel-Powered Long Distance Truck,Freight transport,Road,CA,tkm/h,,
TRUCK_LH_BIODIESEL_B20,Truck BioDiesel 20% LD,20% BioDiesel-Powered Long Distance Truck,Freight transport,Road,CA,tkm/h,,
TRUCK_LH_CNG,Truck CNG LD,Compressed Natural Gas-Powered Long Distance Truck,Freight transport,Road,CA,tkm/h,,
TRUCK_LH_CSNG,Truck CSNG LD,Compressed Synthetic Natural Gas-Powered Long Distance Truck,Freight transport,Road,CA,tkm/h,,
TRUCK_LH_DIESEL,Truck Diesel LD,Diesel-Powered Long Distance Truck,Freight transport,Road,CA,tkm/h,,
TRUCK_LH_EV,Truck Electric LD,Electric-Powered Long Distance Truck,Freight transport,Road,CA,tkm/h,,
TRUCK_LH_FC_CH4,Truck Methane FC LD,Methane Fuel Cell-Powered Long Distance Truck,Freight transport,Road,CA,tkm/h,,
TRUCK_LH_GASOLINE,Truck Gasoline LD,Gasoline-Powered Long Distance Truck,Freight transport,Road,CA,tkm/h,,
TRUCK_LH_HY_DIESEL,Truck Hybrid Diesel LD,Diesel Hybrid Long Distance Truck,Freight transport,Road,CA,tkm/h,,
TRUCK_LH_PROPANE,Truck Propane LD,Propane-Powered Long Distance Truck,Freight transport,Road,,tkm/h,,
TRUCK_SH_BIODIESEL_B100,Truck BioDiesel SD,100% BioDiesel-Powered Short Distance Truck,Freight transport,Road,CA,tkm/h,,
TRUCK_SH_BIODIESEL_B20,Truck BioDiesel 20% SD,20% BioDiesel-Powered Short Distance Truck,Freight transport,Road,CA,tkm/h,,
TRUCK_SH_CNG,Truck CNG SD,Compressed Natural Gas-Powered Short Distance Truck,Freight transport,Road,CA,tkm/h,,
TRUCK_SH_CSNG,Truck CSNG SD,Compressed Synthetic Natural Gas-Powered Short Distance Truck,Freight transport,Road,CA,tkm/h,,
TRUCK_SH_DIESEL,Truck Diesel SD,Diesel-Powered Short Distance Truck,Freight transport,Road,CA,tkm/h,,
TRUCK_SH_EV,Truck Electric SD,Electric-Powered Short Distance Truck,Freight transport,Road,CA,tkm/h,,
TRUCK_SH_FC_CH4,Truck Methane FC SD,Methane Fuel Cell-Powered Short Distance Truck,Freight transport,Road,CA,tkm/h,,
TRUCK_SH_GASOLINE,Truck Gasoline SD,Gasoline-Powered Short Distance Truck,Freight transport,Road,CA,tkm/h,,
TRUCK_SH_HY_DIESEL,Truck Hybrid Diesel SD,Diesel Hybrid Short Distance Truck,Freight transport,Road,CA,tkm/h,,
TRUCK_SH_PROPANE,Truck Propane SD,Propane-Powered Short Distance Truck,Freight transport,Road,,tkm/h,,
TRUCK_SNG,Truck SNG,Compressed Natural Gas-Powered Truck,Freight transport,Road,,tkm/h,,
UNMINEABLE_COAL_SEAM,Unmineable Coal Seam,Sequestration of CO2 in Unmineable Coal Seams,CCUS,Sequestration,,ktCO2_eq/h,,
URANIUM,Uranium,Uranium,Resource,Resource,,kWh,,
WASTE,Waste,Organic and Paper Waste,Resource,Resource,,kWh,,
WASTE_BIO,Biogenic waste,Biogenic waste,Resource,Resource,,kWh,,
WASTE_FOS,Fossil waste,Fossil waste,Resource,Resource,,kWh,,
WET_BIOMASS,Wet biomass,"Wet Biomass Waste from Industry, Agriculture and Municipalities",Resource,Resource,,kWh,,
WIND,Wind,Wind Energy ,Electricity Production,Wind,,kW,,
WIND_OFFSHORE,Wind Offshore,Wind Energy Offshore,Electricity Production,Wind,,kW,,
WIND_ONSHORE,Wind Onshore,Wind Energy Onshore,Electricity Production,Wind,,kW,,
WOOD,Wood,"Waste Wood from Industry, Agriculture and Forestry",Resource,Resource,,kWh,,
WOOD_METHANOL,Wood to Methanol,Conversion of Wood to Methanol,Specific sectors,Chemical,,kt/h,,
XYLENE,Xylene,Xylene,Resource,Resource,,kWh,,
BULK_CARRIER,Bulk carrier HFO,Oil-Powered Bulk Carrier Ship,Freight transport,Maritime,CA,tkm/h,,
BULK_CARRIER_MEOH,Bulk carrier Methanol,Methanol-Powered Bulk Carrier Ship,Freight transport,Maritime,CA,tkm/h,,
CONTAINER,Container HFO,Oil-Powered Container Ship,Freight transport,Maritime,CA,tkm/h,,
CONTAINER_MEOH,Container Methanol,Methanol-Powered Container Ship,Freight transport,Maritime,CA,tkm/h,,
OIL_TANKER,Oil tanker HFO,Oil-Powered Oil Tanker Ship,Freight transport,Maritime,CA,tkm/h,,
OIL_TANKER_MEOH,Oil tanker Methanol,Methanol-Powered Oil Tanker Ship,Freight transport,Maritime,CA,tkm/h,,
BULK_CARRIER_BIO,Bulk carrier BioHFO,BioOil-Powered Bulk Carrier Ship,Freight transport,Maritime,CA,tkm/h,,
BULK_CARRIER_BIOMEOH,Bulk carrier BioMethanol,BioMethanol-Powered Bulk Carrier Ship,Freight transport,Maritime,CA,tkm/h,,
CONTAINER_BIO,Container BioHFO,BioOil-Powered Container Ship,Freight transport,Maritime,CA,tkm/h,,
CONTAINER_BIOMEOH,Container BioMethanol,BioMethanol-Powered Container Ship,Freight transport,Maritime,CA,tkm/h,,
OIL_TANKER_BIO,Oil tanker BioHFO,BioOil-Powered Oil Tanker Ship,Freight transport,Maritime,CA,tkm/h,,
OIL_TANKER_BIOMEOH,Oil tanker BioMethanol,BioMethanol-Powered Oil Tanker Ship,Freight transport,Maritime,CA,tkm/h,,
CARBON_CAPTURE_AMINES,Carbon Capture using Amines,Post-Combustion Carbon Capture using Amines,CCUS,Capture,,ktCO2_eq/h,,
CARBON_CAPTURE_MEMBRANES,Carbon Capture using Membranes,Post-Combustion Carbon Capture using Membranes,CCUS,Capture,,ktCO2_eq/h,,
CARBON_CAPTURE_MOF,Carbon Capture using MOFs,Post-Combustion Carbon Capture using MOFs,CCUS,Capture,,ktCO2_eq/h,,
CARBON_TRANSPORT_INJECTION,Carbon Transport and Injection,Carbon Transport and Injection,CCUS,Storage,,ktCO2_eq/h,,
CARBON_MINERALIZATION,Carbon Mineralization,Carbon Mineralization,CCUS,Storage,,ktCO2_eq/h,,
BIOMASS_FORESTRY_UNEXPLOITED,Unharvested wood,Unharvested wood,Resource,Resource,CA,kWh,,
BIOMASS_FORESTRY_RESIDUAL,Residual forest biomass,Residual forest biomass,Resource,Resource,CA,kWh,,
BIOMASS_FORESTRY_LEFTOVER1,By-products from primary processing,By-products from primary processing,Resource,Resource,CA,kWh,,
BIOMASS_FORESTRY_LEFTOVER2,By-products from secondary processing,By-products from secondary processing,Resource,Resource,CA,kWh,,
BIOMASS_AGRICULTURE_DEJECTION,Animal manure,Animal manure,Resource,Resource,CA,kWh,,
BIOMASS_AGRICULTURE_RESIDUAL,Crop production and residues,Crop production and residues,Resource,Resource,CA,kWh,,
BIOMASS_WASTE_ORGANIC,"Food waste, green waste, and other organic matter","Food waste, green waste, and other organic matter",Resource,Resource,CA,kWh,,
BIOMASS_WASTE_PAPER,Paper and cardboard,Paper and cardboard,Resource,Resource,CA,kWh,,
BIOMASS_WASTE_PAPER_FABRIC,Pulp and paper mill residues,Pulp and paper mill residues,Resource,Resource,CA,kWh,,
BIOMASS_WASTE_BUILDING,"Construction, renovation, and demolition wood waste","Construction, renovation, and demolition wood waste",Resource,Resource,CA,kWh,,
BIOMASS_WASTE_MUNICIPAL,Municipal sludge,Municipal sludge,Resource,Resource,CA,kWh,,
