Sector,EUD,Year,Ratio 2020,Unit,Scenario
TRANSPORTATION,MOBILITY_FREIGHT_SD,2050,1.143158911,Mtkm,Global Net Zero
TRANSPORTATION,MOBILITY_FREIGHT_MD,2050,1.143158911,Mtkm,Global Net Zero
TRANSPORTATION,MOBILITY_FREIGHT_LD,2050,1.143158911,Mtkm,Global Net Zero
TRANSPORTATION,MOBILITY_FREIGHT_ELD,2050,1.143158911,Mtkm,Global Net Zero
TRANSPORTATION,MOBILITY_PASSENGER_SD,2050,1.521592153,Mpkm,Global Net Zero
TRANSPORTATION,MOBILITY_PASSENGER_MD,2050,1.521592153,Mpkm,Global Net Zero
TRANSPORTATION,MOBILITY_PASSENGER_LD,2050,1.521592153,Mpkm,Global Net Zero
HOUSEHOLDS,ELECTRICITY_LV,2050,0.929409756,GWh,Global Net Zero
HOUSEHOLDS,HEAT_LOW_T_HW,2050,0.929409756,GWh,Global Net Zero
HOUSEHOLDS,HEAT_LOW_T_SC,2050,0.929409756,GWh,Global Net Zero
HOUSEHOLDS,HEAT_LOW_T_SH,2050,0.929409756,GWh,Global Net Zero
HOUSEHOLDS,LIGHTING,2050,0.929409756,GWh,Global Net Zero
SERVICES,ELECTRICITY_LV,2050,1.361669877,GWh,Global Net Zero
SERVICES,ELECTRICITY_MV,2050,1.361669877,GWh,Global Net Zero
SERVICES,HEAT_HIGH_T,2050,1.361669877,GWh,Global Net Zero
SERVICES,HEAT_LOW_T_HW,2050,1.361669877,GWh,Global Net Zero
SERVICES,HEAT_LOW_T_SC,2050,1.361669877,GWh,Global Net Zero
SERVICES,HEAT_LOW_T_SH,2050,1.361669877,GWh,Global Net Zero
SERVICES,LIGHTING,2050,1.361669877,GWh,Global Net Zero
INDUSTRY,ELECTRICITY_EHV,2050,0.998367234,GWh,Global Net Zero
INDUSTRY,ELECTRICITY_HV,2050,0.998367234,GWh,Global Net Zero
INDUSTRY,ELECTRICITY_MV,2050,0.998367234,GWh,Global Net Zero
INDUSTRY,HEAT_HIGH_T,2050,0.998367234,GWh,Global Net Zero
INDUSTRY,HEAT_LOW_T_HW,2050,0.998367234,GWh,Global Net Zero
INDUSTRY,HEAT_LOW_T_SH,2050,0.998367234,GWh,Global Net Zero
INDUSTRY,LIGHTING,2050,0.998367234,GWh,Global Net Zero
TRANSPORTATION,MOBILITY_FREIGHT_SD,2050,1.13953398,Mtkm,Current Measure
TRANSPORTATION,MOBILITY_FREIGHT_MD,2050,1.13953398,Mtkm,Current Measure
TRANSPORTATION,MOBILITY_FREIGHT_LD,2050,1.13953398,Mtkm,Current Measure
TRANSPORTATION,MOBILITY_FREIGHT_ELD,2050,1.13953398,Mtkm,Current Measure
TRANSPORTATION,MOBILITY_PASSENGER_SD,2050,1.224270947,Mpkm,Current Measure
TRANSPORTATION,MOBILITY_PASSENGER_MD,2050,1.224270947,Mpkm,Current Measure
TRANSPORTATION,MOBILITY_PASSENGER_LD,2050,1.224270947,Mpkm,Current Measure
HOUSEHOLDS,ELECTRICITY_LV,2050,1.192709782,GWh,Current Measure
HOUSEHOLDS,HEAT_LOW_T_HW,2050,1.192709782,GWh,Current Measure
HOUSEHOLDS,HEAT_LOW_T_SC,2050,1.192709782,GWh,Current Measure
HOUSEHOLDS,HEAT_LOW_T_SH,2050,1.192709782,GWh,Current Measure
HOUSEHOLDS,LIGHTING,2050,1.192709782,GWh,Current Measure
SERVICES,ELECTRICITY_LV,2050,1.480998124,GWh,Current Measure
SERVICES,ELECTRICITY_MV,2050,1.480998124,GWh,Current Measure
SERVICES,HEAT_HIGH_T,2050,1.480998124,GWh,Current Measure
SERVICES,HEAT_LOW_T_HW,2050,1.480998124,GWh,Current Measure
SERVICES,HEAT_LOW_T_SC,2050,1.480998124,GWh,Current Measure
SERVICES,HEAT_LOW_T_SH,2050,1.480998124,GWh,Current Measure
SERVICES,LIGHTING,2050,1.480998124,GWh,Current Measure
INDUSTRY,ELECTRICITY_EHV,2050,1.223453827,GWh,Current Measure
INDUSTRY,ELECTRICITY_HV,2050,1.223453827,GWh,Current Measure
INDUSTRY,ELECTRICITY_MV,2050,1.223453827,GWh,Current Measure
INDUSTRY,HEAT_HIGH_T,2050,1.223453827,GWh,Current Measure
INDUSTRY,HEAT_LOW_T_HW,2050,1.223453827,GWh,Current Measure
INDUSTRY,HEAT_LOW_T_SH,2050,1.223453827,GWh,Current Measure
INDUSTRY,LIGHTING,2050,1.223453827,GWh,Current Measure
TRANSPORTATION,MOBILITY_FREIGHT_SD,2045,1.134115513,Mtkm,Global Net Zero
TRANSPORTATION,MOBILITY_FREIGHT_MD,2045,1.134115513,Mtkm,Global Net Zero
TRANSPORTATION,MOBILITY_FREIGHT_LD,2045,1.134115513,Mtkm,Global Net Zero
TRANSPORTATION,MOBILITY_FREIGHT_ELD,2045,1.134115513,Mtkm,Global Net Zero
TRANSPORTATION,MOBILITY_PASSENGER_SD,2045,1.512982692,Mpkm,Global Net Zero
TRANSPORTATION,MOBILITY_PASSENGER_MD,2045,1.512982692,Mpkm,Global Net Zero
TRANSPORTATION,MOBILITY_PASSENGER_LD,2045,1.512982692,Mpkm,Global Net Zero
HOUSEHOLDS,ELECTRICITY_LV,2045,0.948741771,GWh,Global Net Zero
HOUSEHOLDS,HEAT_LOW_T_HW,2045,0.948741771,GWh,Global Net Zero
HOUSEHOLDS,HEAT_LOW_T_SC,2045,0.948741771,GWh,Global Net Zero
HOUSEHOLDS,HEAT_LOW_T_SH,2045,0.948741771,GWh,Global Net Zero
HOUSEHOLDS,LIGHTING,2045,0.948741771,GWh,Global Net Zero
SERVICES,ELECTRICITY_LV,2045,1.285051685,GWh,Global Net Zero
SERVICES,ELECTRICITY_MV,2045,1.285051685,GWh,Global Net Zero
SERVICES,HEAT_HIGH_T,2045,1.285051685,GWh,Global Net Zero
SERVICES,HEAT_LOW_T_HW,2045,1.285051685,GWh,Global Net Zero
SERVICES,HEAT_LOW_T_SC,2045,1.285051685,GWh,Global Net Zero
SERVICES,HEAT_LOW_T_SH,2045,1.285051685,GWh,Global Net Zero
SERVICES,LIGHTING,2045,1.285051685,GWh,Global Net Zero
INDUSTRY,ELECTRICITY_EHV,2045,1.01265343,GWh,Global Net Zero
INDUSTRY,ELECTRICITY_HV,2045,1.01265343,GWh,Global Net Zero
INDUSTRY,ELECTRICITY_MV,2045,1.01265343,GWh,Global Net Zero
INDUSTRY,HEAT_HIGH_T,2045,1.01265343,GWh,Global Net Zero
INDUSTRY,HEAT_LOW_T_HW,2045,1.01265343,GWh,Global Net Zero
INDUSTRY,HEAT_LOW_T_SH,2045,1.01265343,GWh,Global Net Zero
INDUSTRY,LIGHTING,2045,1.01265343,GWh,Global Net Zero
TRANSPORTATION,MOBILITY_FREIGHT_SD,2045,1.098196705,Mtkm,Current Measure
TRANSPORTATION,MOBILITY_FREIGHT_MD,2045,1.098196705,Mtkm,Current Measure
TRANSPORTATION,MOBILITY_FREIGHT_LD,2045,1.098196705,Mtkm,Current Measure
TRANSPORTATION,MOBILITY_FREIGHT_ELD,2045,1.098196705,Mtkm,Current Measure
TRANSPORTATION,MOBILITY_PASSENGER_SD,2045,1.229094504,Mpkm,Current Measure
TRANSPORTATION,MOBILITY_PASSENGER_MD,2045,1.229094504,Mpkm,Current Measure
TRANSPORTATION,MOBILITY_PASSENGER_LD,2045,1.229094504,Mpkm,Current Measure
HOUSEHOLDS,ELECTRICITY_LV,2045,1.165001564,GWh,Current Measure
HOUSEHOLDS,HEAT_LOW_T_HW,2045,1.165001564,GWh,Current Measure
HOUSEHOLDS,HEAT_LOW_T_SC,2045,1.165001564,GWh,Current Measure
HOUSEHOLDS,HEAT_LOW_T_SH,2045,1.165001564,GWh,Current Measure
HOUSEHOLDS,LIGHTING,2045,1.165001564,GWh,Current Measure
SERVICES,ELECTRICITY_LV,2045,1.359412691,GWh,Current Measure
SERVICES,ELECTRICITY_MV,2045,1.359412691,GWh,Current Measure
SERVICES,HEAT_HIGH_T,2045,1.359412691,GWh,Current Measure
SERVICES,HEAT_LOW_T_HW,2045,1.359412691,GWh,Current Measure
SERVICES,HEAT_LOW_T_SC,2045,1.359412691,GWh,Current Measure
SERVICES,HEAT_LOW_T_SH,2045,1.359412691,GWh,Current Measure
SERVICES,LIGHTING,2045,1.359412691,GWh,Current Measure
INDUSTRY,ELECTRICITY_EHV,2045,1.191272868,GWh,Current Measure
INDUSTRY,ELECTRICITY_HV,2045,1.191272868,GWh,Current Measure
INDUSTRY,ELECTRICITY_MV,2045,1.191272868,GWh,Current Measure
INDUSTRY,HEAT_HIGH_T,2045,1.191272868,GWh,Current Measure
INDUSTRY,HEAT_LOW_T_HW,2045,1.191272868,GWh,Current Measure
INDUSTRY,HEAT_LOW_T_SH,2045,1.191272868,GWh,Current Measure
INDUSTRY,LIGHTING,2045,1.191272868,GWh,Current Measure
TRANSPORTATION,MOBILITY_FREIGHT_SD,2040,1.079191349,Mtkm,Global Net Zero
TRANSPORTATION,MOBILITY_FREIGHT_MD,2040,1.079191349,Mtkm,Global Net Zero
TRANSPORTATION,MOBILITY_FREIGHT_LD,2040,1.079191349,Mtkm,Global Net Zero
TRANSPORTATION,MOBILITY_FREIGHT_ELD,2040,1.079191349,Mtkm,Global Net Zero
TRANSPORTATION,MOBILITY_PASSENGER_SD,2040,1.458943653,Mpkm,Global Net Zero
TRANSPORTATION,MOBILITY_PASSENGER_MD,2040,1.458943653,Mpkm,Global Net Zero
TRANSPORTATION,MOBILITY_PASSENGER_LD,2040,1.458943653,Mpkm,Global Net Zero
HOUSEHOLDS,ELECTRICITY_LV,2040,0.973135968,GWh,Global Net Zero
HOUSEHOLDS,HEAT_LOW_T_HW,2040,0.973135968,GWh,Global Net Zero
HOUSEHOLDS,HEAT_LOW_T_SC,2040,0.973135968,GWh,Global Net Zero
HOUSEHOLDS,HEAT_LOW_T_SH,2040,0.973135968,GWh,Global Net Zero
HOUSEHOLDS,LIGHTING,2040,0.973135968,GWh,Global Net Zero
SERVICES,ELECTRICITY_LV,2040,1.235636413,GWh,Global Net Zero
SERVICES,ELECTRICITY_MV,2040,1.235636413,GWh,Global Net Zero
SERVICES,HEAT_HIGH_T,2040,1.235636413,GWh,Global Net Zero
SERVICES,HEAT_LOW_T_HW,2040,1.235636413,GWh,Global Net Zero
SERVICES,HEAT_LOW_T_SC,2040,1.235636413,GWh,Global Net Zero
SERVICES,HEAT_LOW_T_SH,2040,1.235636413,GWh,Global Net Zero
SERVICES,LIGHTING,2040,1.235636413,GWh,Global Net Zero
INDUSTRY,ELECTRICITY_EHV,2040,1.035813117,GWh,Global Net Zero
INDUSTRY,ELECTRICITY_HV,2040,1.035813117,GWh,Global Net Zero
INDUSTRY,ELECTRICITY_MV,2040,1.035813117,GWh,Global Net Zero
INDUSTRY,HEAT_HIGH_T,2040,1.035813117,GWh,Global Net Zero
INDUSTRY,HEAT_LOW_T_HW,2040,1.035813117,GWh,Global Net Zero
INDUSTRY,HEAT_LOW_T_SH,2040,1.035813117,GWh,Global Net Zero
INDUSTRY,LIGHTING,2040,1.035813117,GWh,Global Net Zero
TRANSPORTATION,MOBILITY_FREIGHT_SD,2040,1.073969618,Mtkm,Current Measure
TRANSPORTATION,MOBILITY_FREIGHT_MD,2040,1.073969618,Mtkm,Current Measure
TRANSPORTATION,MOBILITY_FREIGHT_LD,2040,1.073969618,Mtkm,Current Measure
TRANSPORTATION,MOBILITY_FREIGHT_ELD,2040,1.073969618,Mtkm,Current Measure
TRANSPORTATION,MOBILITY_PASSENGER_SD,2040,1.237189238,Mpkm,Current Measure
TRANSPORTATION,MOBILITY_PASSENGER_MD,2040,1.237189238,Mpkm,Current Measure
TRANSPORTATION,MOBILITY_PASSENGER_LD,2040,1.237189238,Mpkm,Current Measure
HOUSEHOLDS,ELECTRICITY_LV,2040,1.13784527,GWh,Current Measure
HOUSEHOLDS,HEAT_LOW_T_HW,2040,1.13784527,GWh,Current Measure
HOUSEHOLDS,HEAT_LOW_T_SC,2040,1.13784527,GWh,Current Measure
HOUSEHOLDS,HEAT_LOW_T_SH,2040,1.13784527,GWh,Current Measure
HOUSEHOLDS,LIGHTING,2040,1.13784527,GWh,Current Measure
SERVICES,ELECTRICITY_LV,2040,1.261573137,GWh,Current Measure
SERVICES,ELECTRICITY_MV,2040,1.261573137,GWh,Current Measure
SERVICES,HEAT_HIGH_T,2040,1.261573137,GWh,Current Measure
SERVICES,HEAT_LOW_T_HW,2040,1.261573137,GWh,Current Measure
SERVICES,HEAT_LOW_T_SC,2040,1.261573137,GWh,Current Measure
SERVICES,HEAT_LOW_T_SH,2040,1.261573137,GWh,Current Measure
SERVICES,LIGHTING,2040,1.261573137,GWh,Current Measure
INDUSTRY,ELECTRICITY_EHV,2040,1.164456616,GWh,Current Measure
INDUSTRY,ELECTRICITY_HV,2040,1.164456616,GWh,Current Measure
INDUSTRY,ELECTRICITY_MV,2040,1.164456616,GWh,Current Measure
INDUSTRY,HEAT_HIGH_T,2040,1.164456616,GWh,Current Measure
INDUSTRY,HEAT_LOW_T_HW,2040,1.164456616,GWh,Current Measure
INDUSTRY,HEAT_LOW_T_SH,2040,1.164456616,GWh,Current Measure
INDUSTRY,LIGHTING,2040,1.164456616,GWh,Current Measure
TRANSPORTATION,MOBILITY_FREIGHT_SD,2035,1.090283638,Mtkm,Global Net Zero
TRANSPORTATION,MOBILITY_FREIGHT_MD,2035,1.090283638,Mtkm,Global Net Zero
TRANSPORTATION,MOBILITY_FREIGHT_LD,2035,1.090283638,Mtkm,Global Net Zero
TRANSPORTATION,MOBILITY_FREIGHT_ELD,2035,1.090283638,Mtkm,Global Net Zero
TRANSPORTATION,MOBILITY_PASSENGER_SD,2035,1.382006776,Mpkm,Global Net Zero
TRANSPORTATION,MOBILITY_PASSENGER_MD,2035,1.382006776,Mpkm,Global Net Zero
TRANSPORTATION,MOBILITY_PASSENGER_LD,2035,1.382006776,Mpkm,Global Net Zero
HOUSEHOLDS,ELECTRICITY_LV,2035,0.996845622,GWh,Global Net Zero
HOUSEHOLDS,HEAT_LOW_T_HW,2035,0.996845622,GWh,Global Net Zero
HOUSEHOLDS,HEAT_LOW_T_SC,2035,0.996845622,GWh,Global Net Zero
HOUSEHOLDS,HEAT_LOW_T_SH,2035,0.996845622,GWh,Global Net Zero
HOUSEHOLDS,LIGHTING,2035,0.996845622,GWh,Global Net Zero
SERVICES,ELECTRICITY_LV,2035,1.193022954,GWh,Global Net Zero
SERVICES,ELECTRICITY_MV,2035,1.193022954,GWh,Global Net Zero
SERVICES,HEAT_HIGH_T,2035,1.193022954,GWh,Global Net Zero
SERVICES,HEAT_LOW_T_HW,2035,1.193022954,GWh,Global Net Zero
SERVICES,HEAT_LOW_T_SC,2035,1.193022954,GWh,Global Net Zero
SERVICES,HEAT_LOW_T_SH,2035,1.193022954,GWh,Global Net Zero
SERVICES,LIGHTING,2035,1.193022954,GWh,Global Net Zero
INDUSTRY,ELECTRICITY_EHV,2035,1.054534601,GWh,Global Net Zero
INDUSTRY,ELECTRICITY_HV,2035,1.054534601,GWh,Global Net Zero
INDUSTRY,ELECTRICITY_MV,2035,1.054534601,GWh,Global Net Zero
INDUSTRY,HEAT_HIGH_T,2035,1.054534601,GWh,Global Net Zero
INDUSTRY,HEAT_LOW_T_HW,2035,1.054534601,GWh,Global Net Zero
INDUSTRY,HEAT_LOW_T_SH,2035,1.054534601,GWh,Global Net Zero
INDUSTRY,LIGHTING,2035,1.054534601,GWh,Global Net Zero
TRANSPORTATION,MOBILITY_FREIGHT_SD,2035,1.06559666,Mtkm,Current Measure
TRANSPORTATION,MOBILITY_FREIGHT_MD,2035,1.06559666,Mtkm,Current Measure
TRANSPORTATION,MOBILITY_FREIGHT_LD,2035,1.06559666,Mtkm,Current Measure
TRANSPORTATION,MOBILITY_FREIGHT_ELD,2035,1.06559666,Mtkm,Current Measure
TRANSPORTATION,MOBILITY_PASSENGER_SD,2035,1.244775113,Mpkm,Current Measure
TRANSPORTATION,MOBILITY_PASSENGER_MD,2035,1.244775113,Mpkm,Current Measure
TRANSPORTATION,MOBILITY_PASSENGER_LD,2035,1.244775113,Mpkm,Current Measure
HOUSEHOLDS,ELECTRICITY_LV,2035,1.107256194,GWh,Current Measure
HOUSEHOLDS,HEAT_LOW_T_HW,2035,1.107256194,GWh,Current Measure
HOUSEHOLDS,HEAT_LOW_T_SC,2035,1.107256194,GWh,Current Measure
HOUSEHOLDS,HEAT_LOW_T_SH,2035,1.107256194,GWh,Current Measure
HOUSEHOLDS,LIGHTING,2035,1.107256194,GWh,Current Measure
SERVICES,ELECTRICITY_LV,2035,1.178104405,GWh,Current Measure
SERVICES,ELECTRICITY_MV,2035,1.178104405,GWh,Current Measure
SERVICES,HEAT_HIGH_T,2035,1.178104405,GWh,Current Measure
SERVICES,HEAT_LOW_T_HW,2035,1.178104405,GWh,Current Measure
SERVICES,HEAT_LOW_T_SC,2035,1.178104405,GWh,Current Measure
SERVICES,HEAT_LOW_T_SH,2035,1.178104405,GWh,Current Measure
SERVICES,LIGHTING,2035,1.178104405,GWh,Current Measure
INDUSTRY,ELECTRICITY_EHV,2035,1.13069207,GWh,Current Measure
INDUSTRY,ELECTRICITY_HV,2035,1.13069207,GWh,Current Measure
INDUSTRY,ELECTRICITY_MV,2035,1.13069207,GWh,Current Measure
INDUSTRY,HEAT_HIGH_T,2035,1.13069207,GWh,Current Measure
INDUSTRY,HEAT_LOW_T_HW,2035,1.13069207,GWh,Current Measure
INDUSTRY,HEAT_LOW_T_SH,2035,1.13069207,GWh,Current Measure
INDUSTRY,LIGHTING,2035,1.13069207,GWh,Current Measure
TRANSPORTATION,MOBILITY_FREIGHT_SD,2030,1.131707156,Mtkm,Global Net Zero
TRANSPORTATION,MOBILITY_FREIGHT_MD,2030,1.131707156,Mtkm,Global Net Zero
TRANSPORTATION,MOBILITY_FREIGHT_LD,2030,1.131707156,Mtkm,Global Net Zero
TRANSPORTATION,MOBILITY_FREIGHT_ELD,2030,1.131707156,Mtkm,Global Net Zero
TRANSPORTATION,MOBILITY_PASSENGER_SD,2030,1.288501228,Mpkm,Global Net Zero
TRANSPORTATION,MOBILITY_PASSENGER_MD,2030,1.288501228,Mpkm,Global Net Zero
TRANSPORTATION,MOBILITY_PASSENGER_LD,2030,1.288501228,Mpkm,Global Net Zero
HOUSEHOLDS,ELECTRICITY_LV,2030,1.015618683,GWh,Global Net Zero
HOUSEHOLDS,HEAT_LOW_T_HW,2030,1.015618683,GWh,Global Net Zero
HOUSEHOLDS,HEAT_LOW_T_SC,2030,1.015618683,GWh,Global Net Zero
HOUSEHOLDS,HEAT_LOW_T_SH,2030,1.015618683,GWh,Global Net Zero
HOUSEHOLDS,LIGHTING,2030,1.015618683,GWh,Global Net Zero
SERVICES,ELECTRICITY_LV,2030,1.142517179,GWh,Global Net Zero
SERVICES,ELECTRICITY_MV,2030,1.142517179,GWh,Global Net Zero
SERVICES,HEAT_HIGH_T,2030,1.142517179,GWh,Global Net Zero
SERVICES,HEAT_LOW_T_HW,2030,1.142517179,GWh,Global Net Zero
SERVICES,HEAT_LOW_T_SC,2030,1.142517179,GWh,Global Net Zero
SERVICES,HEAT_LOW_T_SH,2030,1.142517179,GWh,Global Net Zero
SERVICES,LIGHTING,2030,1.142517179,GWh,Global Net Zero
INDUSTRY,ELECTRICITY_EHV,2030,1.0516568,GWh,Global Net Zero
INDUSTRY,ELECTRICITY_HV,2030,1.0516568,GWh,Global Net Zero
INDUSTRY,ELECTRICITY_MV,2030,1.0516568,GWh,Global Net Zero
INDUSTRY,HEAT_HIGH_T,2030,1.0516568,GWh,Global Net Zero
INDUSTRY,HEAT_LOW_T_HW,2030,1.0516568,GWh,Global Net Zero
INDUSTRY,HEAT_LOW_T_SH,2030,1.0516568,GWh,Global Net Zero
INDUSTRY,LIGHTING,2030,1.0516568,GWh,Global Net Zero
TRANSPORTATION,MOBILITY_FREIGHT_SD,2030,1.069443882,Mtkm,Current Measure
TRANSPORTATION,MOBILITY_FREIGHT_MD,2030,1.069443882,Mtkm,Current Measure
TRANSPORTATION,MOBILITY_FREIGHT_LD,2030,1.069443882,Mtkm,Current Measure
TRANSPORTATION,MOBILITY_FREIGHT_ELD,2030,1.069443882,Mtkm,Current Measure
TRANSPORTATION,MOBILITY_PASSENGER_SD,2030,1.246749042,Mpkm,Current Measure
TRANSPORTATION,MOBILITY_PASSENGER_MD,2030,1.246749042,Mpkm,Current Measure
TRANSPORTATION,MOBILITY_PASSENGER_LD,2030,1.246749042,Mpkm,Current Measure
HOUSEHOLDS,ELECTRICITY_LV,2030,1.073749489,GWh,Current Measure
HOUSEHOLDS,HEAT_LOW_T_HW,2030,1.073749489,GWh,Current Measure
HOUSEHOLDS,HEAT_LOW_T_SC,2030,1.073749489,GWh,Current Measure
HOUSEHOLDS,HEAT_LOW_T_SH,2030,1.073749489,GWh,Current Measure
HOUSEHOLDS,LIGHTING,2030,1.073749489,GWh,Current Measure
SERVICES,ELECTRICITY_LV,2030,1.106639562,GWh,Current Measure
SERVICES,ELECTRICITY_MV,2030,1.106639562,GWh,Current Measure
SERVICES,HEAT_HIGH_T,2030,1.106639562,GWh,Current Measure
SERVICES,HEAT_LOW_T_HW,2030,1.106639562,GWh,Current Measure
SERVICES,HEAT_LOW_T_SC,2030,1.106639562,GWh,Current Measure
SERVICES,HEAT_LOW_T_SH,2030,1.106639562,GWh,Current Measure
SERVICES,LIGHTING,2030,1.106639562,GWh,Current Measure
INDUSTRY,ELECTRICITY_EHV,2030,1.090810258,GWh,Current Measure
INDUSTRY,ELECTRICITY_HV,2030,1.090810258,GWh,Current Measure
INDUSTRY,ELECTRICITY_MV,2030,1.090810258,GWh,Current Measure
INDUSTRY,HEAT_HIGH_T,2030,1.090810258,GWh,Current Measure
INDUSTRY,HEAT_LOW_T_HW,2030,1.090810258,GWh,Current Measure
INDUSTRY,HEAT_LOW_T_SH,2030,1.090810258,GWh,Current Measure
INDUSTRY,LIGHTING,2030,1.090810258,GWh,Current Measure
TRANSPORTATION,MOBILITY_FREIGHT_SD,2025,1.107441516,Mtkm,Global Net Zero
TRANSPORTATION,MOBILITY_FREIGHT_MD,2025,1.107441516,Mtkm,Global Net Zero
TRANSPORTATION,MOBILITY_FREIGHT_LD,2025,1.107441516,Mtkm,Global Net Zero
TRANSPORTATION,MOBILITY_FREIGHT_ELD,2025,1.107441516,Mtkm,Global Net Zero
TRANSPORTATION,MOBILITY_PASSENGER_SD,2025,1.236356079,Mpkm,Global Net Zero
TRANSPORTATION,MOBILITY_PASSENGER_MD,2025,1.236356079,Mpkm,Global Net Zero
TRANSPORTATION,MOBILITY_PASSENGER_LD,2025,1.236356079,Mpkm,Global Net Zero
HOUSEHOLDS,ELECTRICITY_LV,2025,1.030127551,GWh,Global Net Zero
HOUSEHOLDS,HEAT_LOW_T_HW,2025,1.030127551,GWh,Global Net Zero
HOUSEHOLDS,HEAT_LOW_T_SC,2025,1.030127551,GWh,Global Net Zero
HOUSEHOLDS,HEAT_LOW_T_SH,2025,1.030127551,GWh,Global Net Zero
HOUSEHOLDS,LIGHTING,2025,1.030127551,GWh,Global Net Zero
SERVICES,ELECTRICITY_LV,2025,1.103144509,GWh,Global Net Zero
SERVICES,ELECTRICITY_MV,2025,1.103144509,GWh,Global Net Zero
SERVICES,HEAT_HIGH_T,2025,1.103144509,GWh,Global Net Zero
SERVICES,HEAT_LOW_T_HW,2025,1.103144509,GWh,Global Net Zero
SERVICES,HEAT_LOW_T_SC,2025,1.103144509,GWh,Global Net Zero
SERVICES,HEAT_LOW_T_SH,2025,1.103144509,GWh,Global Net Zero
SERVICES,LIGHTING,2025,1.103144509,GWh,Global Net Zero
INDUSTRY,ELECTRICITY_EHV,2025,1.032066448,GWh,Global Net Zero
INDUSTRY,ELECTRICITY_HV,2025,1.032066448,GWh,Global Net Zero
INDUSTRY,ELECTRICITY_MV,2025,1.032066448,GWh,Global Net Zero
INDUSTRY,HEAT_HIGH_T,2025,1.032066448,GWh,Global Net Zero
INDUSTRY,HEAT_LOW_T_HW,2025,1.032066448,GWh,Global Net Zero
INDUSTRY,HEAT_LOW_T_SH,2025,1.032066448,GWh,Global Net Zero
INDUSTRY,LIGHTING,2025,1.032066448,GWh,Global Net Zero
TRANSPORTATION,MOBILITY_FREIGHT_SD,2025,1.097798606,Mtkm,Current Measure
TRANSPORTATION,MOBILITY_FREIGHT_MD,2025,1.097798606,Mtkm,Current Measure
TRANSPORTATION,MOBILITY_FREIGHT_LD,2025,1.097798606,Mtkm,Current Measure
TRANSPORTATION,MOBILITY_FREIGHT_ELD,2025,1.097798606,Mtkm,Current Measure
TRANSPORTATION,MOBILITY_PASSENGER_SD,2025,1.250189267,Mpkm,Current Measure
TRANSPORTATION,MOBILITY_PASSENGER_MD,2025,1.250189267,Mpkm,Current Measure
TRANSPORTATION,MOBILITY_PASSENGER_LD,2025,1.250189267,Mpkm,Current Measure
HOUSEHOLDS,ELECTRICITY_LV,2025,1.04837402,GWh,Current Measure
HOUSEHOLDS,HEAT_LOW_T_HW,2025,1.04837402,GWh,Current Measure
HOUSEHOLDS,HEAT_LOW_T_SC,2025,1.04837402,GWh,Current Measure
HOUSEHOLDS,HEAT_LOW_T_SH,2025,1.04837402,GWh,Current Measure
HOUSEHOLDS,LIGHTING,2025,1.04837402,GWh,Current Measure
SERVICES,ELECTRICITY_LV,2025,1.071678653,GWh,Current Measure
SERVICES,ELECTRICITY_MV,2025,1.071678653,GWh,Current Measure
SERVICES,HEAT_HIGH_T,2025,1.071678653,GWh,Current Measure
SERVICES,HEAT_LOW_T_HW,2025,1.071678653,GWh,Current Measure
SERVICES,HEAT_LOW_T_SC,2025,1.071678653,GWh,Current Measure
SERVICES,HEAT_LOW_T_SH,2025,1.071678653,GWh,Current Measure
SERVICES,LIGHTING,2025,1.071678653,GWh,Current Measure
INDUSTRY,ELECTRICITY_EHV,2025,1.063863345,GWh,Current Measure
INDUSTRY,ELECTRICITY_HV,2025,1.063863345,GWh,Current Measure
INDUSTRY,ELECTRICITY_MV,2025,1.063863345,GWh,Current Measure
INDUSTRY,HEAT_HIGH_T,2025,1.063863345,GWh,Current Measure
INDUSTRY,HEAT_LOW_T_HW,2025,1.063863345,GWh,Current Measure
INDUSTRY,HEAT_LOW_T_SH,2025,1.063863345,GWh,Current Measure
INDUSTRY,LIGHTING,2025,1.063863345,GWh,Current Measure
