ES_name_ES_QC,param,YEAR_2020,YEAR_2050,Unit,Source,Technology name
ELECTRICITY_EHV,c_op,0.04,0.06,$/kwh,"Hydro-Quebec. (2024,  December  6). *Une etape importante pour securiser lavenir energetique du Quebec* [Press release]. https://nouvelles.hydroquebec.com/fr/communiques-de-presse/2143/une-etape-importante-pour-securiser-lavenir-energetique-du-quebec/",
ELECTRICITY_HV,c_op,0.04,0.06,$/kwh,"Hydro-Quebec. (2024,  December  6). *Une etape importante pour securiser lavenir energetique du Quebec* [Press release]. https://nouvelles.hydroquebec.com/fr/communiques-de-presse/2143/une-etape-importante-pour-securiser-lavenir-energetique-du-quebec/",
ELECTRICITY_MV,c_op,0.04,0.06,$/kwh,"Hydro-Quebec. (2024,  December  6). *Une etape importante pour securiser lavenir energetique du Quebec* [Press release]. https://nouvelles.hydroquebec.com/fr/communiques-de-presse/2143/une-etape-importante-pour-securiser-lavenir-energetique-du-quebec/",
ELECTRICITY_LV,c_op,0.04,0.06,$/kwh,"Hydro-Quebec. (2024,  December  6). *Une etape importante pour securiser lavenir energetique du Quebec* [Press release]. https://nouvelles.hydroquebec.com/fr/communiques-de-presse/2143/une-etape-importante-pour-securiser-lavenir-energetique-du-quebec/",
GASOLINE,c_op,1.5,0.8,$/L,Natural Resources Canada. (2020). *Hydrogen strategy for Canada: Seizing the opportunities for hydrogen*. Government of Canada. https://natural-resources.canada.ca/sites/nrcan/files/environment/hydrogen/NRCan_Hydrogen%20Strategy%20for%20Canada%20Dec%2015%202200%20clean_low_accessible.pdf,
DIESEL,c_op,1.4,1,$/L,Natural Resources Canada. (2020). *Hydrogen strategy for Canada: Seizing the opportunities for hydrogen*. Government of Canada. https://natural-resources.canada.ca/sites/nrcan/files/environment/hydrogen/NRCan_Hydrogen%20Strategy%20for%20Canada%20Dec%2015%202200%20clean_low_accessible.pdf,
BIO_DIESEL,c_op,134.387,120.2348217,USD/hl,Organisation for Economic Co-operation and Development (OECD) & Food and Agriculture Organization (FAO). (2024). *OECD-FAO Agricultural Outlook 2024-2033*. OECD Publishing. https://www.oecd.org/en/publications/2024/07/oecd-fao-agricultural-outlook-2024-2033_e173f332.html,
LFO,c_op,18.92,53.89,End use prices - Industrial - Quebec - 2022 C$ per GJ,Canada Energy Regulator. (2024). *Facilities and Pipeline Data Centre*. Government of Canada. https://doi.org/10.35002/zjr8-8x75,
HFO,c_op,18.92,53.89,End use prices - Industrial - Quebec - 2022 C$ per GJ,Canada Energy Regulator. (2024). *Facilities and Pipeline Data Centre*. Government of Canada. https://doi.org/10.35002/zjr8-8x75,
NG_EHP,c_op,2.26,1.8, Henry Hub 2022 US$/MMBtu,Canada Energy Regulator. (2024). *Facilities and Pipeline Data Centre*. Government of Canada. https://doi.org/10.35002/zjr8-8x76,
NG_HP,c_op,2.26,1.8, Henry Hub 2022 US$/MMBtu,Canada Energy Regulator. (2024). *Facilities and Pipeline Data Centre*. Government of Canada. https://doi.org/10.35002/zjr8-8x77,
NG_MP,c_op,2.26,1.8, Henry Hub 2022 US$/MMBtu,Canada Energy Regulator. (2024). *Facilities and Pipeline Data Centre*. Government of Canada. https://doi.org/10.35002/zjr8-8x78,
NG_LP,c_op,2.26,1.8, Henry Hub 2022 US$/MMBtu,Canada Energy Regulator. (2024). *Facilities and Pipeline Data Centre*. Government of Canada. https://doi.org/10.35002/zjr8-8x79,
URANIUM,c_op,79.7331789,128.6144352,USD/kgU,"Monnet, A., Gabriel, S., & Percebois, J. (2017). Long-term availability of global uranium resources. *Resources Policy, 53* . https://doi.org/10.1016/j.resourpol.2017.07.008",
WASTE,c_op,93.40587687,80.5790403,USD/hl,Organisation for Economic Co-operation and Development (OECD) & Food and Agriculture Organization (FAO). (2024). *OECD-FAO Agricultural Outlook 2024-2033*. OECD Publishing. https://www.oecd.org/en/publications/2024/07/oecd-fao-agricultural-outlook-2024-2033_e173f332.html,
WASTE_BIO,c_op,93.40587687,80.5790403,USD/hl,Organisation for Economic Co-operation and Development (OECD) & Food and Agriculture Organization (FAO). (2024). *OECD-FAO Agricultural Outlook 2024-2033*. OECD Publishing. https://www.oecd.org/en/publications/2024/07/oecd-fao-agricultural-outlook-2024-2033_e173f332.html,
H2_EHP,c_op,7,5,2020 US$/kg,Canada Energy Regulator. (2021). *Canadas Energy Future 2021: Scenarios and assumptions*. Government of Canada. https://www.cer-rec.gc.ca/en/data-analysis/canada-energy-future/2021/scenarios-and-assumptions.html,
H2_HP,c_op,7,5,2020 US$/kg,Canada Energy Regulator. (2021). *Canadas Energy Future 2021: Scenarios and assumptions*. Government of Canada. https://www.cer-rec.gc.ca/en/data-analysis/canada-energy-future/2021/scenarios-and-assumptions.html,
H2_MP,c_op,7,5,2020 US$/kg,Canada Energy Regulator. (2021). *Canadas Energy Future 2021: Scenarios and assumptions*. Government of Canada. https://www.cer-rec.gc.ca/en/data-analysis/canada-energy-future/2021/scenarios-and-assumptions.html,
H2_LP,c_op,7,5,2020 US$/kg,Canada Energy Regulator. (2021). *Canadas Energy Future 2021: Scenarios and assumptions*. Government of Canada. https://www.cer-rec.gc.ca/en/data-analysis/canada-energy-future/2021/scenarios-and-assumptions.html,
METHANOL,c_op,630,290,USD/tonne,International Renewable Energy Agency (IRENA). (2021). *Innovation outlook: Renewable methanol*. IRENA. https://www.irena.org/-/media/Files/IRENA/Agency/Publication/2021/Jan/IRENA_Innovation_Renewable_Methanol_2021.pdf,
CCGT,c_inv,1325,1102,$/kW,Institute of Energy Trottier. (2024). *Canadian Energy outlook *. Polytechnique Montreal. https://iet.polymtl.ca/wp-content/uploads/CEO3_2_PNZC_20240628.pdf,Combined cycle gas turbine
CCGT_CC,c_inv,2583,2583,$/kW,Institute of Energy Trottier. (2024). *Canadian Energy outlook *. Polytechnique Montreal. https://iet.polymtl.ca/wp-content/uploads/CEO3_2_PNZC_20240628.pdf,Combined cycle gas turbine + CC
COAL_US,c_inv,4658,4259,$/kW,Institute of Energy Trottier. (2024). *Canadian Energy outlook *. Polytechnique Montreal. https://iet.polymtl.ca/wp-content/uploads/CEO3_2_PNZC_20240628.pdf,Ultra-supercritical Pulverized Coal
COAL_US_CC,c_inv,7150,6127,$/kW,Institute of Energy Trottier. (2024). *Canadian Energy outlook *. Polytechnique Montreal. https://iet.polymtl.ca/wp-content/uploads/CEO3_2_PNZC_20240628.pdf,Ultra-supercritical Pulverized Coal + CCS (90%)
COAL_IGCC,c_inv,5025,4255,$/kW,Institute of Energy Trottier. (2024). *Canadian Energy outlook *. Polytechnique Montreal. https://iet.polymtl.ca/wp-content/uploads/CEO3_2_PNZC_20240628.pdf,Integrated.Gasification Combined.Cycle Coal
COAL_IGCC_CC,c_inv,3450,3075,euro/kw,"European Commission. (2020). *EU Reference Scenario 2020: Energy, transport, and GHG emissions trends to 2050*. Publications Office of the European Union. https://energy.ec.europa.eu/data-and-analysis/energy-modelling/eu-reference-scenario-2020_en",Integrated.Gasification Combined.Cycle Coal + CC
NUCLEAR,c_inv,6550,6037,$/kW,Institute of Energy Trottier. (2024). *Canadian Energy outlook *. Polytechnique Montreal. https://iet.polymtl.ca/wp-content/uploads/CEO3_2_PNZC_20240628.pdf,Advanced Reactor
GEOTHERMAL,c_inv,7036,6054,$/kW,Institute of Energy Trottier. (2024). *Canadian Energy outlook *. Polytechnique Montreal. https://iet.polymtl.ca/wp-content/uploads/CEO3_2_PNZC_20240628.pdf,Hydrothermal Binary Cycle Geothermal
ALKALINE_ELECTROLYSIS,c_inv,1194,562,$/kW,Institute of Energy Trottier. (2024). *Canadian Energy outlook *. Polytechnique Montreal. https://iet.polymtl.ca/wp-content/uploads/CEO3_2_PNZC_20240628.pdf,Alkaline Electrolysis
PEM_ELECTROLYSIS,c_inv,1194,562,$/kW,Institute of Energy Trottier. (2024). *Canadian Energy outlook *. Polytechnique Montreal. https://iet.polymtl.ca/wp-content/uploads/CEO3_2_PNZC_20240628.pdf,Polymer electrolyte membrane (PEM) electrolysis
SOEC_ELECTROLYSIS,c_inv,1194,562,$/kW,Institute of Energy Trottier. (2024). *Canadian Energy outlook *. Polytechnique Montreal. https://iet.polymtl.ca/wp-content/uploads/CEO3_2_PNZC_20240628.pdf,Solid Oxide Electrolysis Cell (SOEC)
SMR,c_inv,475,475,$/kW,Institute of Energy Trottier. (2024). *Canadian Energy outlook *. Polytechnique Montreal. https://iet.polymtl.ca/wp-content/uploads/CEO3_2_PNZC_20240628.pdf,Natural gas - Steam methane reforming
SMR_CCS,c_inv,1104,755,$/kW,Institute of Energy Trottier. (2024). *Canadian Energy outlook *. Polytechnique Montreal. https://iet.polymtl.ca/wp-content/uploads/CEO3_2_PNZC_20240628.pdf,Natural gas - Steam methane reforming - CCS
ATR_CCS,c_inv,1062,726,$/kW,Institute of Energy Trottier. (2024). *Canadian Energy outlook *. Polytechnique Montreal. https://iet.polymtl.ca/wp-content/uploads/CEO3_2_PNZC_20240628.pdf,
NEW_HYDRO_DAM,c_inv,6238,5730,$/kW,Institute of Energy Trottier. (2024). *Canadian Energy outlook *. Polytechnique Montreal. https://iet.polymtl.ca/wp-content/uploads/CEO3_2_PNZC_20240628.pdf,
NEW_HYDRO_RIVER,c_inv,4175,4175,$/kW,Institute of Energy Trottier. (2024). *Canadian Energy outlook *. Polytechnique Montreal. https://iet.polymtl.ca/wp-content/uploads/CEO3_2_PNZC_20240628.pdf,Large conventional dam Electricity Production
COAL_IGCC_CC,c_maint,69.8,61.925,euro/kw,"European Commission. (2020). *EU Reference Scenario 2020: Energy, transport, and GHG emissions trends to 2050*. Publications Office of the European Union. https://energy.ec.europa.eu/data-and-analysis/energy-modelling/eu-reference-scenario-2020_en",Integrated.Gasification Combined.Cycle Coal + CC
PV_ROOF,c_inv,1727,1028,$/kW,Institute of Energy Trottier. (2024). *Canadian Energy outlook *. Polytechnique Montreal. https://iet.polymtl.ca/wp-content/uploads/CEO3_2_PNZC_20240628.pdf,Solar - Rooftop PV
PV_GROUND,c_inv,1544,1045,$/kW,Institute of Energy Trottier. (2024). *Canadian Energy outlook *. Polytechnique Montreal. https://iet.polymtl.ca/wp-content/uploads/CEO3_2_PNZC_20240628.pdf,Solar - 1 axis PV
WIND_ONSHORE,c_inv,2219,1525,$/kW,Institute of Energy Trottier. (2024). *Canadian Energy outlook *. Polytechnique Montreal. https://iet.polymtl.ca/wp-content/uploads/CEO3_2_PNZC_20240628.pdf,Wind - Onshore
WIND_OFFSHORE,c_inv,5642,4543,$/kW,Institute of Energy Trottier. (2024). *Canadian Energy outlook *. Polytechnique Montreal. https://iet.polymtl.ca/wp-content/uploads/CEO3_2_PNZC_20240628.pdf,Wind - Offshore
BIOMASS_GAS_EF_H2,c_inv,1073,1020,$/kW,Institute of Energy Trottier. (2024). *Canadian Energy outlook *. Polytechnique Montreal. https://iet.polymtl.ca/wp-content/uploads/CEO3_2_PNZC_20240628.pdf,Biomass gasification without CCS
BIOMASS_GAS_FB_H2,c_inv,1073,1020,$/kW,Institute of Energy Trottier. (2024). *Canadian Energy outlook *. Polytechnique Montreal. https://iet.polymtl.ca/wp-content/uploads/CEO3_2_PNZC_20240628.pdf,Biomass gasification without CCS
BIOMASS_GAS_EF_H2_CCS,c_inv,3100,2501,$/kW,Institute of Energy Trottier. (2024). *Canadian Energy outlook *. Polytechnique Montreal. https://iet.polymtl.ca/wp-content/uploads/CEO3_2_PNZC_20240628.pdf,Biomass gasification with CCS
BIOMASS_GAS_FB_H2_CCS,c_inv,3100,2501,$/kW,Institute of Energy Trottier. (2024). *Canadian Energy outlook *. Polytechnique Montreal. https://iet.polymtl.ca/wp-content/uploads/CEO3_2_PNZC_20240628.pdf,Biomass gasification with CCS
DAC_LT,c_inv,728.46,144.8,$/tCO2,"Sievert, Katrin, Tobias S. Schmidt, and Bjarne Steffen. 2024. Considering Technology Characteristics to Project Future Costs of Direct Air Capture. Joule 8(4):97999. doi:10.1016/j.joule.2024.02.005.",Low Temperature Direct Air Capture
DAC_LT,c_maint,283.29,54.3,$/tCO2,"Sievert, Katrin, Tobias S. Schmidt, and Bjarne Steffen. 2024. Considering Technology Characteristics to Project Future Costs of Direct Air Capture. Joule 8(4):97999. doi:10.1016/j.joule.2024.02.005.",Low Temperature Direct Air Capture
DAC_HT,c_inv,428.42,221.76,$/tCO2,"Sievert, Katrin, Tobias S. Schmidt, and Bjarne Steffen. 2024. Considering Technology Characteristics to Project Future Costs of Direct Air Capture. Joule 8(4):97999. doi:10.1016/j.joule.2024.02.005.",High Temperature Direct Air Capture
DAC_HT,c_maint,179.66,60.48,$/tCO2,"Sievert, Katrin, Tobias S. Schmidt, and Bjarne Steffen. 2024. Considering Technology Characteristics to Project Future Costs of Direct Air Capture. Joule 8(4):97999. doi:10.1016/j.joule.2024.02.005.",High Temperature Direct Air Capture
