ES_name_ESTD,ES_name_ES_QC
AMMONIA,
AMMONIA_RE,
AMMONIA_STORAGE,
AMMONIA_TO_H2,
ATM_CCS,"DAC_HT, DAC_LT"
BATT_LI,BATTERY
BIODIESEL,BIO_DIESEL
BIOETHANOL,
BIOMASS_TO_HVC,
BIOMASS_TO_METHANOL,WOOD_METHANOL
BIOMETHANATION,METHANATION
BIO_HYDROLYSIS,
BOAT_FREIGHT_DIESEL,
BOAT_FREIGHT_METHANOL,
BOAT_FREIGHT_NG,
BUS_COACH_CNG_STOICH,"BUS_CNG, COACH_CNG, SCHOOLBUS_CNG, BUS_CSNG, COACH_CSNG, SCHOOLBUS_CSNG"
BUS_COACH_DIESEL,"BUS_DIESEL, BUS_BIODIESEL_B20, BUS_BIODIESEL_B100, BUS_GASOLINE, BUS_PROPANE, COACH_DIESEL, COACH_BIODIESEL_B20, COACH_BIODIESEL_B100, COACH_GASOLINE, COACH_PROPANE, SCHOOLBUS_DIESEL, SCHOOLBUS_BIODIESEL_B20, SCHOOLBUS_BIODIESEL_B100, SCHOOLBUS_GASOLINE, SCHOOLBUS_PROPANE"
BUS_COACH_FC_HYBRIDH2,"BUS_FC_H2, BUS_FC_CH4, COACH_FC_CH4, SCHOOLBUS_FC_CH4"
BUS_COACH_HYDIESEL,"BUS_HY_DIESEL, COACH_HY_DIESEL, SCHOOLBUS_HY_DIESEL"
CAR_BEV,"CAR_EV, SUV_EV"
CAR_DIESEL,"CAR_DIESEL, CAR_BIODIESEL_B20, CAR_BIODIESEL_B100, SUV_DIESEL, SUV_BIODIESEL_B20, SUV_BIODIESEL_B100"
CAR_FUEL_CELL,"CAR_FC_H2, CAR_FC_CH4, SUV_FC_H2, SUV_FC_CH4"
CAR_GASOLINE,"CAR_GASOLINE, CAR_PROPANE, SUV_GASOLINE, SUV_PROPANE"
CAR_HEV,"CAR_HEV, SUV_HEV"
CAR_METHANOL,"CAR_MEOH, CAR_ETOH_E10, CAR_ETOH_E85, SUV_MEOH, SUV_ETOH_E10, SUV_ETOH_E85, CAR_BIOMEOH, CAR_BIOETOH_E10, CAR_BIOETOH_E85, SUV_BIOMEOH, SUV_BIOETOH_E10, SUV_BIOETOH_E85"
CAR_NG,"CAR_CNG, SUV_CNG, CAR_CSNG, SUV_CSNG"
CAR_PHEV,"CAR_PHEV, SUV_PHEV_GASOLINE"
CCGT,"CCGT, H2_NG_CCGT, CCGT_CC, H2_NG_CCGT_CCS, CCGT_BIOGAS, H2_SNG_CCGT, CCGT_BIOGAS_CC, H2_SNG_CCGT_CCS"
CCGT_AMMONIA,
COAL,COAL
COAL_IGCC,"COAL_IGCC, COAL_IGCC_CC"
COAL_US,"COAL_US, COAL_US_CC"
DEC_ADVCOGEN_GAS,
DEC_ADVCOGEN_H2,DEC_ADVCOGEN_H2
DEC_BOILER_GAS,"DEC_BOILER_GAS, DEC_BOILER_BIOGAS"
DEC_BOILER_OIL,"DEC_BOILER_OIL, DEC_BOILER_BIOOIL"
DEC_BOILER_WOOD,DEC_BOILER_WOOD
DEC_COGEN_GAS,"DEC_COGEN_GAS, DEC_COGEN_BIOGAS"
DEC_COGEN_OIL,"DEC_COGEN_OIL, DEC_COGEN_BIOOIL"
DEC_DIRECT_ELEC,DEC_DIRECT_ELEC
DEC_HP_ELEC,DEC_HP_ELEC
DEC_SOLAR,DEC_SOLAR
DEC_THHP_GAS,"DEC_THHP_GAS, DEC_THHP_BIOGAS"
DHN_BOILER_GAS,"DHN_BOILER_GAS, DHN_BOILER_BIOGAS"
DHN_BOILER_OIL,"DHN_BOILER_OIL, DHN_BOILER_BIOOIL"
DHN_BOILER_WOOD,DHN_BOILER_WOOD
DHN_COGEN_BIO_HYDROLYSIS,
DHN_COGEN_GAS,"DHN_COGEN_GAS, DHN_COGEN_BIOGAS"
DHN_COGEN_WASTE,DHN_COGEN_WASTE
DHN_COGEN_WET_BIOMASS,
DHN_COGEN_WOOD,DHN_COGEN_WOOD
DHN_DEEP_GEO,DHN_DEEP_GEO
DHN_HP_ELEC,DHN_HP_ELEC
DHN_SOLAR,
DIESEL,DIESEL
DIESEL_STORAGE,DIE_STO
ELECTRICITY,"ELECTRICITY_EHV, ELECTRICITY_HV, ELECTRICITY_MV, ELECTRICITY_LV"
GAS,"NG_EHP, NG_HP, NG_MP, NG_LP"
GASIFICATION_SNG,GASIFICATION_SNG
GASOLINE,GASOLINE
GASOLINE_STORAGE,GASO_STO
GAS_RE,
GAS_STORAGE,"NG_STO, SNG_STO"
GAS_TO_HVC,
GEOTHERMAL,GEOTHERMAL
H2,"H2_EHP, H2_HP, H2_MP, H2_LP"
H2_BIOMASS,
H2_ELECTROLYSIS,"ALKALINE_ELECTROLYSIS, PEM_ELECTROLYSIS, SOEC_ELECTROLYSIS"
H2_RE,
HABER_BOSCH,Haber_Bosch
HYDRO_RIVER,"NEW_HYDRO_RIVER, NEW_HYDRO_DAM"
INDUSTRY_CCS,
IND_BOILER_COAL,IND_BOILER_COAL
IND_BOILER_GAS,"IND_BOILER_GAS, IND_BOILER_BIOGAS"
IND_BOILER_OIL,"IND_BOILER_OIL, IND_BOILER_BIOOIL"
IND_BOILER_WASTE,IND_BOILER_WASTE
IND_BOILER_WOOD,IND_BOILER_WOOD
IND_COGEN_GAS,"IND_COGEN_GAS, IND_COGEN_BIOGAS"
IND_COGEN_WASTE,IND_COGEN_WASTE
IND_COGEN_WOOD,IND_COGEN_WOOD
IND_DIRECT_ELEC,IND_DIRECT_ELEC
LFO,LFO
LFO_STORAGE,
METHANE_TO_METHANOL,"METHANE_TO_METHANOL, BIOMETHANE_TO_BIOMETHANOL"
METHANOL,METHANOL
METHANOL_RE,
METHANOL_STORAGE,
METHANOL_TO_HVC,
NUCLEAR,NUCLEAR
OIL_TO_HVC,
PV,"PV_ROOF, PV_GROUND, PV"
PYROLYSIS_TO_FUELS,PYROLYSIS
PYROLYSIS_TO_LFO,
SMR,"SMR, SMR_CCS"
SYN_METHANATION,
SYN_METHANOLATION,
TRAIN_FREIGHT,"TRAIN_FREIGHT_ELEC, TRAIN_FREIGHT_NG, TRAIN_FREIGHT_SNG, TRAIN_FREIGHT_BIODIESEL"
TRAIN_PUB,"TRAIN_ELEC, TRAIN_NG, TRAIN_SNG, TRAIN_BIODIESEL"
TRAMWAY_TROLLEY,TRAMWAY
TRUCK_DIESEL,"TRUCK_SH_DIESEL, TRUCK_LH_DIESEL, TRUCK_SH_BIODIESEL_B20, TRUCK_SH_BIODIESEL_B100, TRUCK_LH_BIODIESEL_B20, TRUCK_LH_BIODIESEL_B100, TRUCK_SH_GASOLINE, TRUCK_LH_GASOLINE, TRUCK_SH_PROPANE, TRUCK_LH_PROPANE, SEMI_SH_DIESEL, SEMI_LH_DIESEL, SEMI_SH_BIODIESEL_B20, SEMI_SH_BIODIESEL_B100, SEMI_LH_BIODIESEL_B20, SEMI_LH_BIODIESEL_B100, SEMI_SH_GASOLINE, SEMI_LH_GASOLINE, SEMI_SH_PROPANE, SEMI_LH_PROPANE, LCV_DIESEL, LCV_BIODIESEL_B20, LCV_BIODIESEL_B100, LCV_GASOLINE, LCV_PROPANE, LCV_GASOLINE  "
TRUCK_ELEC,"TRUCK_SH_EV, TRUCK_LH_EV, SEMI_SH_EV, SEMI_LH_EV, LCV_EV, BUS_EV, SCHOOLBUS_EV, COACH_EV"
TRUCK_FUEL_CELL,"TRUCK_SH_FC_CH4, TRUCK_LH_FC_CH4, SEMI_SH_FC_CH4, SEMI_LH_FC_CH4, SEMI_SH_FC_H2, SEMI_LH_FC_H2, LCV_FC_CH4, LCV_FC_H2"
TRUCK_METHANOL,"LCV_ETOH_E10, LCV_ETOH_E85, LCV_BIOETOH_E10, LCV_BIOETOH_E85"
TRUCK_NG,"TRUCK_SH_CNG, TRUCK_LH_CNG, SEMI_SH_CNG, SEMI_LH_CNG, LCV_CNG, TRUCK_SH_CSNG, TRUCK_LH_CSNG, SEMI_SH_CSNG, SEMI_LH_CSNG, LCV_CSNG"
TS_DEC_ADVCOGEN_GAS,
TS_DEC_ADVCOGEN_H2,
TS_DEC_BOILER_GAS,
TS_DEC_BOILER_OIL,
TS_DEC_BOILER_WOOD,
TS_DEC_COGEN_GAS,
TS_DEC_COGEN_OIL,
TS_DEC_DIRECT_ELEC,
TS_DEC_HP_ELEC,
TS_DEC_THHP_GAS,
TS_DHN_SEASONAL,
URANIUM,URANIUM
WASTE,"WASTE, WASTE_BIO, WASTE_FOS"
WET_BIOMASS,WET_BIOMASS
WIND_OFFSHORE,WIND_OFFSHORE
WIND_ONSHORE,"WIND_ONSHORE, NEW_WIND_ONSHORE"
WOOD,WOOD
