ES_name_ES_QC,param,YEAR_2020,YEAR_2050,Unit,Source,Technology name,YEAR_2025,YEAR_2030,YEAR_2035,YEAR_2040,YEAR_2045,Ratio 2025/2020,Ratio 2030/2020,Ratio 2035/2020,Ratio 2040/2020,Ratio 2045/2020,Ratio 2050/2020
ELECTRICITY_EHV,c_op,0.04,0.06,$/kwh,"Hydro-Quebec. (2024,  December  6). *Une etape importante pour securiser lavenir energetique du Quebec* [Press release]. https://nouvelles.hydroquebec.com/fr/communiques-de-presse/2143/une-etape-importante-pour-securiser-lavenir-energetique-du-quebec/",,0.043333333333333335,0.04666666666666667,0.05,0.05333333333333333,0.05666666666666667,1.0833333333333333,1.1666666666666667,1.25,1.3333333333333333,1.4166666666666667,1.5
ELECTRICITY_HV,c_op,0.04,0.06,$/kwh,"Hydro-Quebec. (2024,  December  6). *Une etape importante pour securiser lavenir energetique du Quebec* [Press release]. https://nouvelles.hydroquebec.com/fr/communiques-de-presse/2143/une-etape-importante-pour-securiser-lavenir-energetique-du-quebec/",,0.043333333333333335,0.04666666666666667,0.05,0.05333333333333333,0.05666666666666667,1.0833333333333333,1.1666666666666667,1.25,1.3333333333333333,1.4166666666666667,1.5
ELECTRICITY_MV,c_op,0.04,0.06,$/kwh,"Hydro-Quebec. (2024,  December  6). *Une etape importante pour securiser lavenir energetique du Quebec* [Press release]. https://nouvelles.hydroquebec.com/fr/communiques-de-presse/2143/une-etape-importante-pour-securiser-lavenir-energetique-du-quebec/",,0.043333333333333335,0.04666666666666667,0.05,0.05333333333333333,0.05666666666666667,1.0833333333333333,1.1666666666666667,1.25,1.3333333333333333,1.4166666666666667,1.5
ELECTRICITY_LV,c_op,0.04,0.06,$/kwh,"Hydro-Quebec. (2024,  December  6). *Une etape importante pour securiser lavenir energetique du Quebec* [Press release]. https://nouvelles.hydroquebec.com/fr/communiques-de-presse/2143/une-etape-importante-pour-securiser-lavenir-energetique-du-quebec/",,0.043333333333333335,0.04666666666666667,0.05,0.05333333333333333,0.05666666666666667,1.0833333333333333,1.1666666666666667,1.25,1.3333333333333333,1.4166666666666667,1.5
BIO_DIESEL,c_op,134.387,120.2348217,USD/hl,Organisation for Economic Co-operation and Development (OECD) & Food and Agriculture Organization (FAO). (2024). *OECD-FAO Agricultural Outlook 2024-2033*. OECD Publishing. https://www.oecd.org/en/publications/2024/07/oecd-fao-agricultural-outlook-2024-2033_e173f332.html,,132.02830361666668,129.66960723333332,127.31091085,124.95221446666666,122.59351808333334,0.9824484780273887,0.9648969560547771,0.9473454340821656,0.9297939121095542,0.9122423901369429,0.8946908681643313
URANIUM,c_op,79.7331789,128.6144352,USD/kgU,"Monnet, A., Gabriel, S., & Percebois, J. (2017). Long-term availability of global uranium resources. *Resources Policy, 53* . https://doi.org/10.1016/j.resourpol.2017.07.008",,87.88005495,96.02693099999999,104.17380705,112.3206831,120.46755915,1.1021767369919826,1.2043534739839652,1.3065302109759478,1.4087069479679306,1.5108836849599132,1.613060421951896
WASTE,c_op,93.40587687,80.5790403,USD/hl,Organisation for Economic Co-operation and Development (OECD) & Food and Agriculture Organization (FAO). (2024). *OECD-FAO Agricultural Outlook 2024-2033*. OECD Publishing. https://www.oecd.org/en/publications/2024/07/oecd-fao-agricultural-outlook-2024-2033_e173f332.html,,91.268070775,89.13026468,86.99245858500001,84.85465249,82.716846395,0.9771127238816532,0.9542254477633062,0.9313381716449595,0.9084508955266125,0.8855636194082657,0.8626763432899187
WASTE_BIO,c_op,93.40587687,80.5790403,USD/hl,Organisation for Economic Co-operation and Development (OECD) & Food and Agriculture Organization (FAO). (2024). *OECD-FAO Agricultural Outlook 2024-2033*. OECD Publishing. https://www.oecd.org/en/publications/2024/07/oecd-fao-agricultural-outlook-2024-2033_e173f332.html,,91.268070775,89.13026468,86.99245858500001,84.85465249,82.716846395,0.9771127238816532,0.9542254477633062,0.9313381716449595,0.9084508955266125,0.8855636194082657,0.8626763432899187
H2_EHP,c_op,7.0,5.0,2020 US$/kg,Canada Energy Regulator. (2021). *Canadas Energy Future 2021: Scenarios and assumptions*. Government of Canada. https://www.cer-rec.gc.ca/en/data-analysis/canada-energy-future/2021/scenarios-and-assumptions.html,,6.666666666666667,6.333333333333333,6.0,5.666666666666667,5.333333333333333,0.9523809523809524,0.9047619047619048,0.8571428571428571,0.8095238095238095,0.7619047619047619,0.7142857142857143
H2_HP,c_op,7.0,5.0,2020 US$/kg,Canada Energy Regulator. (2021). *Canadas Energy Future 2021: Scenarios and assumptions*. Government of Canada. https://www.cer-rec.gc.ca/en/data-analysis/canada-energy-future/2021/scenarios-and-assumptions.html,,6.666666666666667,6.333333333333333,6.0,5.666666666666667,5.333333333333333,0.9523809523809524,0.9047619047619048,0.8571428571428571,0.8095238095238095,0.7619047619047619,0.7142857142857143
H2_MP,c_op,7.0,5.0,2020 US$/kg,Canada Energy Regulator. (2021). *Canadas Energy Future 2021: Scenarios and assumptions*. Government of Canada. https://www.cer-rec.gc.ca/en/data-analysis/canada-energy-future/2021/scenarios-and-assumptions.html,,6.666666666666667,6.333333333333333,6.0,5.666666666666667,5.333333333333333,0.9523809523809524,0.9047619047619048,0.8571428571428571,0.8095238095238095,0.7619047619047619,0.7142857142857143
H2_LP,c_op,7.0,5.0,2020 US$/kg,Canada Energy Regulator. (2021). *Canadas Energy Future 2021: Scenarios and assumptions*. Government of Canada. https://www.cer-rec.gc.ca/en/data-analysis/canada-energy-future/2021/scenarios-and-assumptions.html,,6.666666666666667,6.333333333333333,6.0,5.666666666666667,5.333333333333333,0.9523809523809524,0.9047619047619048,0.8571428571428571,0.8095238095238095,0.7619047619047619,0.7142857142857143
METHANOL,c_op,630.0,290.0,USD/tonne,International Renewable Energy Agency (IRENA). (2021). *Innovation outlook: Renewable methanol*. IRENA. https://www.irena.org/-/media/Files/IRENA/Agency/Publication/2021/Jan/IRENA_Innovation_Renewable_Methanol_2021.pdf,,573.3333333333334,516.6666666666666,460.0,403.33333333333337,346.66666666666663,0.9100529100529101,0.82010582010582,0.7301587301587301,0.6402116402116402,0.5502645502645502,0.4603174603174603
CCGT,c_inv,1325.0,1102.0,$/kW,Institute of Energy Trottier. (2024). *Canadian Energy outlook *. Polytechnique Montreal. https://iet.polymtl.ca/wp-content/uploads/CEO3_2_PNZC_20240628.pdf,Combined cycle gas turbine,1287.8333333333333,1250.6666666666667,1213.5,1176.3333333333333,1139.1666666666667,0.9719496855345912,0.9438993710691824,0.9158490566037736,0.8877987421383647,0.859748427672956,0.8316981132075472
CCGT_CC,c_inv,2583.0,2583.0,$/kW,Institute of Energy Trottier. (2024). *Canadian Energy outlook *. Polytechnique Montreal. https://iet.polymtl.ca/wp-content/uploads/CEO3_2_PNZC_20240628.pdf,Combined cycle gas turbine + CC,2583.0,2583.0,2583.0,2583.0,2583.0,1.0,1.0,1.0,1.0,1.0,1.0
COAL_US,c_inv,4658.0,4259.0,$/kW,Institute of Energy Trottier. (2024). *Canadian Energy outlook *. Polytechnique Montreal. https://iet.polymtl.ca/wp-content/uploads/CEO3_2_PNZC_20240628.pdf,Ultra-supercritical Pulverized Coal,4591.5,4525.0,4458.5,4392.0,4325.5,0.985723486474882,0.9714469729497639,0.9571704594246457,0.9428939458995277,0.9286174323744096,0.9143409188492916
COAL_US_CC,c_inv,7150.0,6127.0,$/kW,Institute of Energy Trottier. (2024). *Canadian Energy outlook *. Polytechnique Montreal. https://iet.polymtl.ca/wp-content/uploads/CEO3_2_PNZC_20240628.pdf,Ultra-supercritical Pulverized Coal + CCS (90%),6979.5,6809.0,6638.5,6468.0,6297.5,0.9761538461538461,0.9523076923076923,0.9284615384615384,0.9046153846153846,0.8807692307692307,0.8569230769230769
COAL_IGCC,c_inv,5025.0,4255.0,$/kW,Institute of Energy Trottier. (2024). *Canadian Energy outlook *. Polytechnique Montreal. https://iet.polymtl.ca/wp-content/uploads/CEO3_2_PNZC_20240628.pdf,Integrated.Gasification Combined.Cycle Coal,4896.666666666667,4768.333333333333,4640.0,4511.666666666667,4383.333333333333,0.9744610281923716,0.9489220563847429,0.9233830845771144,0.897844112769486,0.8723051409618573,0.8467661691542289
COAL_IGCC_CC,c_inv,3450.0,3075.0,euro/kw,"European Commission. (2020). *EU Reference Scenario 2020: Energy, transport, and GHG emissions trends to 2050*. Publications Office of the European Union. https://energy.ec.europa.eu/data-and-analysis/energy-modelling/eu-reference-scenario-2020_en",Integrated.Gasification Combined.Cycle Coal + CC,3387.5,3325.0,3262.5,3200.0,3137.5,0.9818840579710145,0.9637681159420289,0.9456521739130435,0.927536231884058,0.9094202898550725,0.8913043478260869
NUCLEAR,c_inv,6550.0,6037.0,$/kW,Institute of Energy Trottier. (2024). *Canadian Energy outlook *. Polytechnique Montreal. https://iet.polymtl.ca/wp-content/uploads/CEO3_2_PNZC_20240628.pdf,Advanced Reactor,6464.5,6379.0,6293.5,6208.0,6122.5,0.9869465648854961,0.9738931297709924,0.9608396946564886,0.9477862595419847,0.934732824427481,0.9216793893129771
GEOTHERMAL,c_inv,7036.0,6054.0,$/kW,Institute of Energy Trottier. (2024). *Canadian Energy outlook *. Polytechnique Montreal. https://iet.polymtl.ca/wp-content/uploads/CEO3_2_PNZC_20240628.pdf,Hydrothermal Binary Cycle Geothermal,6872.333333333333,6708.666666666667,6545.0,6381.333333333333,6217.666666666667,0.9767386772787569,0.9534773545575138,0.9302160318362707,0.9069547091150274,0.8836933863937844,0.8604320636725412
ALKALINE_ELECTROLYSIS,c_inv,1194.0,562.0,$/kW,Institute of Energy Trottier. (2024). *Canadian Energy outlook *. Polytechnique Montreal. https://iet.polymtl.ca/wp-content/uploads/CEO3_2_PNZC_20240628.pdf,Alkaline Electrolysis,1088.6666666666667,983.3333333333334,878.0,772.6666666666667,667.3333333333333,0.91178112786153,0.8235622557230597,0.7353433835845896,0.6471245114461196,0.5589056393076492,0.47068676716917923
PEM_ELECTROLYSIS,c_inv,1194.0,562.0,$/kW,Institute of Energy Trottier. (2024). *Canadian Energy outlook *. Polytechnique Montreal. https://iet.polymtl.ca/wp-content/uploads/CEO3_2_PNZC_20240628.pdf,Polymer electrolyte membrane (PEM) electrolysis,1088.6666666666667,983.3333333333334,878.0,772.6666666666667,667.3333333333333,0.91178112786153,0.8235622557230597,0.7353433835845896,0.6471245114461196,0.5589056393076492,0.47068676716917923
SOEC_ELECTROLYSIS,c_inv,1194.0,562.0,$/kW,Institute of Energy Trottier. (2024). *Canadian Energy outlook *. Polytechnique Montreal. https://iet.polymtl.ca/wp-content/uploads/CEO3_2_PNZC_20240628.pdf,Solid Oxide Electrolysis Cell (SOEC),1088.6666666666667,983.3333333333334,878.0,772.6666666666667,667.3333333333333,0.91178112786153,0.8235622557230597,0.7353433835845896,0.6471245114461196,0.5589056393076492,0.47068676716917923
SMR,c_inv,475.0,475.0,$/kW,Institute of Energy Trottier. (2024). *Canadian Energy outlook *. Polytechnique Montreal. https://iet.polymtl.ca/wp-content/uploads/CEO3_2_PNZC_20240628.pdf,Natural gas - Steam methane reforming,475.0,475.0,475.0,475.0,475.0,1.0,1.0,1.0,1.0,1.0,1.0
SMR_CCS,c_inv,1104.0,755.0,$/kW,Institute of Energy Trottier. (2024). *Canadian Energy outlook *. Polytechnique Montreal. https://iet.polymtl.ca/wp-content/uploads/CEO3_2_PNZC_20240628.pdf,Natural gas - Steam methane reforming - CCS,1045.8333333333333,987.6666666666666,929.5,871.3333333333334,813.1666666666666,0.9473128019323671,0.8946256038647342,0.8419384057971014,0.7892512077294687,0.7365640096618357,0.6838768115942029
ATR_CCS,c_inv,1062.0,726.0,$/kW,Institute of Energy Trottier. (2024). *Canadian Energy outlook *. Polytechnique Montreal. https://iet.polymtl.ca/wp-content/uploads/CEO3_2_PNZC_20240628.pdf,,1006.0,950.0,894.0,838.0,782.0,0.9472693032015066,0.8945386064030132,0.8418079096045198,0.7890772128060264,0.736346516007533,0.6836158192090396
NEW_HYDRO_DAM,c_inv,6238.0,5730.0,$/kW,Institute of Energy Trottier. (2024). *Canadian Energy outlook *. Polytechnique Montreal. https://iet.polymtl.ca/wp-content/uploads/CEO3_2_PNZC_20240628.pdf,,6153.333333333333,6068.666666666667,5984.0,5899.333333333333,5814.666666666667,0.9864272736988351,0.9728545473976702,0.9592818210965053,0.9457090947953404,0.9321363684941756,0.9185636421930106
NEW_HYDRO_RIVER,c_inv,4175.0,4175.0,$/kW,Institute of Energy Trottier. (2024). *Canadian Energy outlook *. Polytechnique Montreal. https://iet.polymtl.ca/wp-content/uploads/CEO3_2_PNZC_20240628.pdf,Large conventional dam Electricity Production,4175.0,4175.0,4175.0,4175.0,4175.0,1.0,1.0,1.0,1.0,1.0,1.0
COAL_IGCC_CC,c_maint,69.8,61.925,euro/kw,"European Commission. (2020). *EU Reference Scenario 2020: Energy, transport, and GHG emissions trends to 2050*. Publications Office of the European Union. https://energy.ec.europa.eu/data-and-analysis/energy-modelling/eu-reference-scenario-2020_en",Integrated.Gasification Combined.Cycle Coal + CC,68.4875,67.175,65.8625,64.55,63.2375,0.9811962750716332,0.9623925501432665,0.9435888252148997,0.9247851002865329,0.9059813753581661,0.8871776504297995
PV_ROOF,c_inv,1727.0,1028.0,$/kW,Institute of Energy Trottier. (2024). *Canadian Energy outlook *. Polytechnique Montreal. https://iet.polymtl.ca/wp-content/uploads/CEO3_2_PNZC_20240628.pdf,Solar - Rooftop PV,1610.5,1494.0,1377.5,1261.0,1144.5,0.932541980312681,0.8650839606253619,0.7976259409380428,0.7301679212507238,0.6627099015634047,0.5952518818760857
PV_GROUND,c_inv,1544.0,1045.0,$/kW,Institute of Energy Trottier. (2024). *Canadian Energy outlook *. Polytechnique Montreal. https://iet.polymtl.ca/wp-content/uploads/CEO3_2_PNZC_20240628.pdf,Solar - 1 axis PV,1460.8333333333333,1377.6666666666667,1294.5,1211.3333333333335,1128.1666666666665,0.9461355785837651,0.8922711571675302,0.8384067357512953,0.7845423143350605,0.7306778929188255,0.6768134715025906
WIND_ONSHORE,c_inv,2219.0,1525.0,$/kW,Institute of Energy Trottier. (2024). *Canadian Energy outlook *. Polytechnique Montreal. https://iet.polymtl.ca/wp-content/uploads/CEO3_2_PNZC_20240628.pdf,Wind - Onshore,2103.3333333333335,1987.6666666666667,1872.0,1756.3333333333335,1640.6666666666665,0.9478744179059637,0.8957488358119273,0.8436232537178909,0.7914976716238546,0.7393720895298181,0.6872465074357819
WIND_OFFSHORE,c_inv,5642.0,4543.0,$/kW,Institute of Energy Trottier. (2024). *Canadian Energy outlook *. Polytechnique Montreal. https://iet.polymtl.ca/wp-content/uploads/CEO3_2_PNZC_20240628.pdf,Wind - Offshore,5458.833333333333,5275.666666666667,5092.5,4909.333333333333,4726.166666666667,0.9675351530190239,0.9350703060380481,0.902605459057072,0.8701406120760959,0.83767576509512,0.8052109181141439
BIOMASS_GAS_EF_H2,c_inv,1073.0,1020.0,$/kW,Institute of Energy Trottier. (2024). *Canadian Energy outlook *. Polytechnique Montreal. https://iet.polymtl.ca/wp-content/uploads/CEO3_2_PNZC_20240628.pdf,Biomass gasification without CCS,1064.1666666666667,1055.3333333333333,1046.5,1037.6666666666667,1028.8333333333333,0.9917676296986643,0.9835352593973283,0.9753028890959925,0.9670705187946568,0.9588381484933208,0.9506057781919851
BIOMASS_GAS_FB_H2,c_inv,1073.0,1020.0,$/kW,Institute of Energy Trottier. (2024). *Canadian Energy outlook *. Polytechnique Montreal. https://iet.polymtl.ca/wp-content/uploads/CEO3_2_PNZC_20240628.pdf,Biomass gasification without CCS,1064.1666666666667,1055.3333333333333,1046.5,1037.6666666666667,1028.8333333333333,0.9917676296986643,0.9835352593973283,0.9753028890959925,0.9670705187946568,0.9588381484933208,0.9506057781919851
BIOMASS_GAS_EF_H2_CCS,c_inv,3100.0,2501.0,$/kW,Institute of Energy Trottier. (2024). *Canadian Energy outlook *. Polytechnique Montreal. https://iet.polymtl.ca/wp-content/uploads/CEO3_2_PNZC_20240628.pdf,Biomass gasification with CCS,3000.1666666666665,2900.3333333333335,2800.5,2700.6666666666665,2600.8333333333335,0.9677956989247312,0.9355913978494624,0.9033870967741936,0.8711827956989247,0.8389784946236559,0.8067741935483871
BIOMASS_GAS_FB_H2_CCS,c_inv,3100.0,2501.0,$/kW,Institute of Energy Trottier. (2024). *Canadian Energy outlook *. Polytechnique Montreal. https://iet.polymtl.ca/wp-content/uploads/CEO3_2_PNZC_20240628.pdf,Biomass gasification with CCS,3000.1666666666665,2900.3333333333335,2800.5,2700.6666666666665,2600.8333333333335,0.9677956989247312,0.9355913978494624,0.9033870967741936,0.8711827956989247,0.8389784946236559,0.8067741935483871
DAC_LT,c_inv,728.46,144.79999999999995,$/tCO2,"Sievert, Katrin, Tobias S. Schmidt, and Bjarne Steffen. 2024. Considering Technology Characteristics to Project Future Costs of Direct Air Capture. Joule 8(4):97999. doi:10.1016/j.joule.2024.02.005.",Low Temperature Direct Air Capture,631.1833333333334,533.9066666666668,436.63,339.35333333333335,242.0766666666666,0.8664625831663144,0.7329251663326287,0.5993877494989429,0.4658503326652573,0.3323129158315715,0.19877549899788588
DAC_LT,c_maint,283.29,54.30000000000001,$/tCO2,"Sievert, Katrin, Tobias S. Schmidt, and Bjarne Steffen. 2024. Considering Technology Characteristics to Project Future Costs of Direct Air Capture. Joule 8(4):97999. doi:10.1016/j.joule.2024.02.005.",Low Temperature Direct Air Capture,245.12500000000003,206.96000000000004,168.79500000000002,130.63000000000002,92.465,0.8652793956722793,0.7305587913445587,0.5958381870168379,0.46111758268911723,0.3263969783613964,0.19167637403367577
DAC_HT,c_inv,428.42,221.76,$/tCO2,"Sievert, Katrin, Tobias S. Schmidt, and Bjarne Steffen. 2024. Considering Technology Characteristics to Project Future Costs of Direct Air Capture. Joule 8(4):97999. doi:10.1016/j.joule.2024.02.005.",High Temperature Direct Air Capture,393.9766666666667,359.53333333333336,325.09000000000003,290.64666666666665,256.2033333333333,0.9196038155703904,0.8392076311407809,0.7588114467111713,0.6784152622815617,0.5980190778519521,0.5176228934223425
DAC_HT,c_maint,179.66,60.47999999999999,$/tCO2,"Sievert, Katrin, Tobias S. Schmidt, and Bjarne Steffen. 2024. Considering Technology Characteristics to Project Future Costs of Direct Air Capture. Joule 8(4):97999. doi:10.1016/j.joule.2024.02.005.",High Temperature Direct Air Capture,159.79666666666665,139.93333333333334,120.07,100.20666666666666,80.34333333333332,0.8894393112916991,0.7788786225833984,0.6683179338750974,0.5577572451667966,0.4471965564584956,0.3366358677501948
